call_failure;complains;subscription_length;charge_amount;seconds_of_use;frequency_of_use;frequency_of_sms;distinct_called_numbers;age_group;tariff_plan;status;age;customer_value;fn;fp;churn;id
10;complaints not received;37;0;2453;60;359;24;3;pay as you go;active;30;1536.5200;1382.8680;203.6520;non-churn;3
11;complaints not received;38;1;3775;82;32;28;3;pay as you go;active;30;282.2800;254.0520;78.2280;non-churn;6
13;complaints not received;37;2;9115;121;144;43;3;pay as you go;active;30;945.4400;850.8960;144.5440;non-churn;8
7;complaints not received;38;0;13773;169;0;44;3;pay as you go;active;30;557.6800;501.9120;105.7680;non-churn;9
9;complaints not received;38;0;2238;54;8;17;3;pay as you go;non-active;30;123.6800;111.3120;62.3680;non-churn;12
4;complaints not received;38;1;3095;27;483;8;3;pay as you go;active;30;2056.8800;1851.1920;255.6880;non-churn;14
9;complaints not received;37;0;15485;182;150;30;2;pay as you go;active;25;1380.0150;1242.0135;188.0015;non-churn;15
3;complaints not received;37;1;6500;86;186;26;3;pay as you go;active;30;1007.4400;906.6960;150.7440;non-churn;16
0;complaints not received;37;0;875;14;0;11;2;pay as you go;non-active;25;40.0050;36.0045;60.0000;churn;17
2;complaints not received;38;0;710;14;13;8;3;pay as you go;non-active;30;80.9600;72.8640;60.0000;non-churn;18
3;complaints not received;37;0;7508;127;384;43;2;pay as you go;active;25;2071.5750;1864.4175;257.1575;non-churn;20
21;complaints received;36;8;10435;93;1;42;5;contractual;active;55;159.4200;143.4780;65.9420;non-churn;24
13;complaints received;36;1;5818;98;26;24;2;pay as you go;active;25;383.2200;344.8980;88.3220;churn;25
9;complaints received;36;0;2268;44;34;31;3;pay as you go;non-active;30;228.4800;205.6320;72.8480;churn;28
0;complaints not received;36;0;133;2;0;2;3;pay as you go;non-active;30;5.4000;4.8600;60.0000;churn;29
1;complaints not received;36;0;1668;25;0;6;3;pay as you go;active;30;67.7200;60.9480;60.0000;non-churn;30
3;complaints not received;33;1;6785;97;14;22;5;pay as you go;active;55;124.2300;111.8070;62.4230;non-churn;31
0;complaints received;36;0;628;7;9;4;4;pay as you go;non-active;45;38.3750;34.5375;60.0000;churn;32
25;complaints not received;31;3;16075;238;0;80;2;contractual;active;25;734.0850;660.6765;123.4085;non-churn;34
6;complaints not received;34;3;6965;116;271;33;2;contractual;active;25;1538.1450;1384.3305;203.8145;non-churn;35
2;complaints not received;36;0;3718;82;2;28;2;pay as you go;active;25;180.0000;162.0000;68.0000;non-churn;36
6;complaints not received;36;0;2780;53;175;23;2;pay as you go;active;25;914.9850;823.4865;141.4985;non-churn;38
4;complaints not received;26;0;1568;39;30;68;4;pay as you go;active;45;115.1750;103.6575;61.5175;non-churn;40
0;complaints not received;26;0;825;10;21;3;4;pay as you go;non-active;45;73.3750;66.0375;60.0000;churn;42
2;complaints not received;25;0;3225;61;8;23;3;pay as you go;active;30;163.4400;147.0960;66.3440;non-churn;44
16;complaints not received;17;1;6393;141;85;42;2;contractual;active;25;676.5300;608.8770;117.6530;non-churn;46
12;complaints not received;15;0;8933;171;73;40;4;pay as you go;active;45;410.1000;369.0900;91.0100;non-churn;47
8;complaints not received;16;3;2853;45;31;19;3;contractual;active;30;239.9200;215.9280;73.9920;non-churn;48
3;complaints not received;9;1;1488;19;0;7;3;pay as you go;active;30;60.2800;54.2520;60.0000;churn;50
11;complaints not received;40;1;4430;74;10;19;3;pay as you go;active;30;220.1600;198.1440;72.0160;non-churn;51
3;complaints not received;41;1;378;8;12;6;3;pay as you go;active;30;63.4400;57.0960;60.0000;non-churn;52
13;complaints not received;39;1;2513;63;364;26;3;pay as you go;active;30;1559.0400;1403.1360;205.9040;non-churn;53
13;complaints not received;40;1;4258;69;6;37;1;pay as you go;active;15;270.9850;243.8865;77.0985;non-churn;54
6;complaints not received;40;1;2453;61;7;35;2;pay as you go;active;25;144.6300;130.1670;64.4630;non-churn;55
14;complaints not received;40;2;3835;85;37;30;3;contractual;active;30;304.8000;274.3200;80.4800;non-churn;56
7;complaints not received;40;1;2420;42;290;20;3;pay as you go;active;30;1258.4800;1132.6320;175.8480;non-churn;57
16;complaints not received;39;3;9175;124;149;45;3;pay as you go;active;30;967.9600;871.1640;146.7960;non-churn;58
10;complaints not received;40;1;13833;172;5;46;3;pay as you go;active;30;580.2000;522.1800;108.0200;non-churn;59
10;complaints not received;40;2;4575;86;7;27;3;pay as you go;active;30;214.4400;192.9960;71.4440;non-churn;60
9;complaints not received;40;1;5978;98;12;14;3;pay as you go;active;30;291.0400;261.9360;79.1040;non-churn;61
12;complaints not received;40;1;2298;57;13;19;3;pay as you go;active;30;146.2000;131.5800;64.6200;non-churn;62
28;complaints not received;40;4;15200;228;59;34;3;pay as you go;active;30;853.1200;767.8080;135.3120;non-churn;63
7;complaints not received;40;2;3155;30;488;10;3;pay as you go;active;30;2079.4000;1871.4600;257.9400;non-churn;64
12;complaints not received;39;1;15545;185;155;32;2;pay as you go;active;25;1405.3500;1264.8150;190.5350;non-churn;65
6;complaints not received;39;2;6560;89;191;28;3;pay as you go;active;30;1029.9600;926.9640;152.9960;non-churn;66
3;complaints not received;39;1;935;17;5;13;2;pay as you go;active;25;65.3400;58.8060;60.0000;non-churn;67
5;complaints not received;40;1;770;17;18;10;3;pay as you go;active;30;103.4800;93.1320;60.3480;non-churn;68
3;complaints received;39;1;60;3;5;2;2;pay as you go;active;25;25.3350;22.8015;60.0000;churn;69
6;complaints not received;39;1;7568;130;389;45;3;pay as you go;active;30;1863.9200;1677.5280;236.3920;non-churn;70
10;complaints not received;39;2;11525;157;16;49;4;contractual;active;45;332.0500;298.8450;83.2050;non-churn;71
11;complaints not received;39;2;6778;78;113;39;2;pay as you go;active;25;817.0200;735.3180;131.7020;non-churn;72
26;complaints received;35;1;1015;50;21;19;3;pay as you go;active;30;126.6000;113.9400;62.6600;churn;73
24;complaints received;38;9;10495;96;6;44;5;contractual;active;55;167.8650;151.0785;66.7865;non-churn;74
16;complaints not received;38;2;5878;101;31;26;2;pay as you go;active;25;408.5550;367.6995;90.8555;non-churn;75
4;complaints not received;36;1;2900;25;5;16;3;pay as you go;active;30;137.0000;123.3000;63.7000;non-churn;76
12;complaints not received;37;1;3050;44;14;18;3;pay as you go;active;30;179.7600;161.7840;67.9760;churn;77
12;complaints received;38;1;2328;47;39;33;3;pay as you go;active;30;251.0000;225.9000;75.1000;churn;78
3;complaints not received;38;1;193;5;5;4;3;pay as you go;active;30;27.9200;25.1280;60.0000;churn;79
4;complaints not received;38;1;1728;28;5;8;4;pay as you go;active;45;56.4000;50.7600;60.0000;non-churn;80
6;complaints not received;35;2;6845;100;19;24;5;pay as you go;active;55;132.6750;119.4075;63.2675;non-churn;81
3;complaints not received;38;1;688;10;14;6;4;pay as you go;active;45;52.4500;47.2050;60.0000;churn;82
3;complaints not received;38;2;398;7;9;4;5;pay as you go;active;55;19.5750;17.6175;60.0000;non-churn;83
28;complaints not received;33;4;16135;241;5;82;2;pay as you go;active;25;759.4200;683.4780;125.9420;non-churn;84
9;complaints received;36;4;7025;119;276;35;3;contractual;active;30;1389.7600;1250.7840;188.9760;non-churn;85
5;complaints not received;38;1;3778;85;7;30;3;pay as you go;active;30;182.5200;164.2680;68.2520;non-churn;86
6;complaints not received;37;1;1725;47;43;22;3;pay as you go;active;30;242.8800;218.5920;74.2880;non-churn;87
9;complaints not received;38;1;2840;56;180;25;2;pay as you go;active;25;940.3200;846.2880;144.0320;non-churn;88
7;complaints not received;29;2;1375;39;198;13;3;contractual;active;30;848.5600;763.7040;134.8560;non-churn;89
7;complaints not received;28;1;1628;42;35;70;4;pay as you go;active;45;129.2500;116.3250;62.9250;non-churn;90
14;complaints not received;29;1;760;28;15;9;3;pay as you go;active;30;91.5200;82.3680;60.0000;non-churn;91
3;complaints not received;28;1;885;13;26;5;4;pay as you go;active;45;87.4500;78.7050;60.0000;non-churn;92
13;complaints not received;27;1;1285;35;24;15;2;pay as you go;active;25;167.4000;150.6600;66.7400;non-churn;93
5;complaints not received;27;1;3285;64;13;25;3;pay as you go;active;30;185.9600;167.3640;68.5960;non-churn;94
5;complaints not received;20;1;1755;29;33;16;2;pay as you go;active;25;228.7800;205.9020;72.8780;non-churn;95
19;complaints not received;19;2;6453;144;90;44;2;contractual;active;25;701.8650;631.6785;120.1865;non-churn;96
15;complaints not received;17;1;8993;174;78;42;5;pay as you go;active;55;254.5050;229.0545;75.4505;non-churn;97
11;complaints not received;18;4;2913;48;36;21;3;pay as you go;active;30;262.4400;236.1960;76.2440;non-churn;98
5;complaints not received;11;2;4450;43;220;12;3;pay as you go;active;30;1059.7200;953.7480;155.9720;non-churn;99
6;complaints received;11;2;1548;22;5;9;3;pay as you go;active;30;82.8000;74.5200;60.0000;churn;100
5;complaints not received;36;0;4310;68;0;15;2;pay as you go;active;25;197.0100;177.3090;69.7010;non-churn;101
0;complaints not received;37;0;258;2;2;2;2;pay as you go;non-active;25;20.7000;18.6300;60.0000;non-churn;102
7;complaints not received;35;0;2393;57;354;22;2;pay as you go;active;25;1703.2500;1532.9250;220.3250;non-churn;103
7;complaints not received;36;0;4138;63;0;33;1;pay as you go;active;15;231.0550;207.9495;73.1055;non-churn;104
0;complaints not received;36;0;2333;55;0;31;1;pay as you go;active;15;131.3400;118.2060;63.1340;non-churn;105
8;complaints not received;36;0;3715;79;27;26;3;pay as you go;active;30;259.7600;233.7840;75.9760;non-churn;106
1;complaints not received;36;0;2300;36;280;16;3;pay as you go;active;30;1213.4400;1092.0960;171.3440;non-churn;107
10;complaints not received;35;1;9055;118;139;41;3;pay as you go;active;30;922.9200;830.6280;142.2920;non-churn;108
4;complaints not received;36;0;13713;166;0;42;3;pay as you go;active;30;555.1600;499.6440;105.5160;non-churn;109
4;complaints not received;36;0;4455;80;0;23;3;pay as you go;active;30;181.4000;163.2600;68.1400;non-churn;110
3;complaints not received;36;0;5858;92;2;10;2;pay as you go;active;25;276.7500;249.0750;77.6750;non-churn;111
6;complaints received;36;0;2178;51;3;15;3;pay as you go;non-active;30;101.1600;91.0440;60.1160;non-churn;112
22;complaints not received;36;2;15080;222;49;30;3;pay as you go;active;30;808.0800;727.2720;130.8080;non-churn;113
1;complaints not received;36;0;3035;24;478;6;3;pay as you go;active;30;2034.3600;1830.9240;253.4360;non-churn;114
6;complaints not received;35;0;15425;179;145;28;2;pay as you go;active;25;1354.6800;1219.2120;185.4680;non-churn;115
0;complaints not received;35;0;6440;83;181;24;3;pay as you go;active;30;984.9200;886.4280;148.4920;non-churn;116
0;complaints not received;35;0;815;11;0;9;2;pay as you go;non-active;25;37.1700;33.4530;60.0000;non-churn;117
0;complaints not received;36;0;650;11;8;6;2;pay as you go;non-active;25;65.7450;59.1705;60.0000;non-churn;118
0;complaints not received;35;0;7448;124;379;41;2;pay as you go;active;25;2046.2400;1841.6160;254.6240;non-churn;120
4;complaints not received;35;0;11405;151;6;45;3;pay as you go;active;30;486.2400;437.6160;98.6240;non-churn;121
5;complaints not received;35;0;6658;72;103;35;2;pay as you go;active;25;766.3500;689.7150;126.6350;non-churn;122
20;complaints not received;31;0;895;44;11;15;2;pay as you go;non-active;25;91.7550;82.5795;60.0000;churn;123
18;complaints not received;34;7;10375;90;0;40;4;pay as you go;active;45;261.6250;235.4625;76.1625;non-churn;124
10;complaints not received;34;0;5758;95;21;22;2;pay as you go;active;25;357.8850;322.0965;85.7885;churn;125
0;complaints not received;32;0;2780;19;0;12;3;pay as you go;active;30;111.9600;100.7640;61.1960;non-churn;126
6;complaints not received;33;0;2930;38;4;14;2;pay as you go;non-active;25;151.5600;136.4040;65.1560;churn;127
6;complaints received;34;0;2208;41;29;29;3;pay as you go;non-active;30;205.9600;185.3640;70.5960;churn;128
0;complaints received;34;0;0;0;0;0;3;pay as you go;non-active;30;0.0000;0.0000;60.0000;churn;129
0;complaints not received;34;0;1608;22;0;4;3;pay as you go;active;30;65.2000;58.6800;60.0000;non-churn;130
0;complaints not received;31;0;6725;94;9;20;4;pay as you go;active;45;192.9750;173.6775;69.2975;non-churn;131
0;complaints not received;34;0;568;4;4;2;4;pay as you go;non-active;45;24.3000;21.8700;60.0000;churn;132
22;complaints not received;29;2;16015;235;0;78;2;pay as you go;active;25;731.2500;658.1250;123.1250;non-churn;134
3;complaints not received;32;2;6905;113;266;31;2;contractual;active;25;1512.8100;1361.5290;201.2810;non-churn;135
0;complaints not received;34;0;3658;79;0;26;2;pay as you go;active;25;168.1650;151.3485;66.8165;non-churn;136
0;complaints not received;33;0;1605;41;33;18;3;pay as you go;non-active;30;197.8400;178.0560;69.7840;non-churn;137
3;complaints not received;34;0;2720;50;170;21;2;pay as you go;active;25;889.6500;800.6850;138.9650;non-churn;138
1;complaints not received;25;0;1255;33;188;9;2;contractual;active;25;903.9600;813.5640;140.3960;non-churn;139
1;complaints not received;24;0;1508;36;25;66;4;pay as you go;active;45;101.1000;90.9900;60.1100;non-churn;140
8;complaints not received;25;0;640;22;5;5;2;pay as you go;non-active;25;52.2900;47.0610;60.0000;non-churn;141
0;complaints received;24;0;765;7;16;1;4;pay as you go;non-active;45;59.3000;53.3700;60.0000;churn;142
7;complaints not received;23;0;1165;29;14;11;2;pay as you go;active;25;116.7300;105.0570;61.6730;non-churn;143
0;complaints not received;23;0;3165;58;3;21;3;pay as you go;active;30;140.9200;126.8280;64.0920;non-churn;144
0;complaints not received;16;0;1635;23;23;12;2;pay as you go;active;25;178.1100;160.2990;67.8110;non-churn;145
13;complaints not received;15;0;6333;138;80;40;1;contractual;active;15;795.9050;716.3145;129.5905;non-churn;146
9;complaints not received;13;0;8873;168;68;38;4;pay as you go;active;45;396.0250;356.4225;89.6025;non-churn;147
5;complaints not received;14;2;2793;42;26;17;3;pay as you go;active;30;217.4000;195.6600;71.7400;non-churn;148
0;complaints not received;7;0;4330;37;210;8;3;pay as you go;active;30;1014.6800;913.2120;151.4680;non-churn;149
0;complaints not received;7;0;1428;16;0;5;3;pay as you go;active;30;57.7600;51.9840;60.0000;churn;150
9;complaints not received;42;1;4450;73;15;21;3;pay as you go;active;30;240.9200;216.8280;74.0920;non-churn;151
1;complaints received;43;0;398;7;17;8;3;pay as you go;non-active;30;84.2000;75.7800;60.0000;churn;152
11;complaints not received;41;1;2533;62;369;28;3;pay as you go;active;30;1579.8000;1421.8200;207.9800;non-churn;153
11;complaints not received;42;1;4278;68;11;39;1;pay as you go;active;15;299.5300;269.5770;79.9530;non-churn;154
4;complaints not received;42;1;2473;60;12;37;2;pay as you go;active;25;167.9850;151.1865;66.7985;non-churn;155
12;complaints not received;42;2;3855;84;42;32;3;pay as you go;active;30;325.5600;293.0040;82.5560;non-churn;156
5;complaints not received;42;1;2440;41;295;22;3;pay as you go;active;30;1279.2400;1151.3160;177.9240;non-churn;157
14;complaints not received;41;3;9195;123;154;47;3;pay as you go;active;30;988.7200;889.8480;148.8720;non-churn;158
8;complaints not received;42;1;13853;171;10;48;3;pay as you go;active;30;600.9600;540.8640;110.0960;non-churn;159
8;complaints not received;42;2;4595;85;12;29;3;pay as you go;active;30;235.2000;211.6800;73.5200;non-churn;160
7;complaints not received;42;1;5998;97;17;16;3;pay as you go;active;30;311.8000;280.6200;81.1800;non-churn;161
10;complaints not received;42;0;2318;56;18;21;3;pay as you go;non-active;30;166.9600;150.2640;66.6960;non-churn;162
26;complaints not received;42;4;15220;227;64;36;3;contractual;active;30;873.8800;786.4920;137.3880;non-churn;163
5;complaints not received;42;2;3175;29;493;12;3;pay as you go;active;30;2100.1600;1890.1440;260.0160;non-churn;164
10;complaints not received;41;1;15565;184;160;34;2;pay as you go;active;25;1428.7050;1285.8345;192.8705;non-churn;165
4;complaints not received;41;2;6580;88;196;30;3;pay as you go;active;30;1050.7200;945.6480;155.0720;non-churn;166
1;complaints not received;41;0;955;16;10;15;2;pay as you go;non-active;25;88.6950;79.8255;60.0000;non-churn;167
3;complaints not received;42;0;790;16;23;12;3;pay as you go;non-active;30;124.2400;111.8160;62.4240;non-churn;168
1;complaints not received;41;0;80;2;10;4;2;pay as you go;non-active;25;48.6900;43.8210;60.0000;churn;169
4;complaints not received;41;1;7588;129;394;47;3;pay as you go;active;30;1884.6800;1696.2120;238.4680;non-churn;170
8;complaints not received;41;2;11545;156;21;51;4;pay as you go;active;45;345.0250;310.5225;84.5025;non-churn;171
9;complaints not received;41;2;6798;77;118;41;2;pay as you go;active;25;840.3750;756.3375;134.0375;non-churn;172
24;complaints received;37;0;1035;49;26;21;3;pay as you go;non-active;30;147.3600;132.6240;64.7360;churn;173
22;complaints received;40;9;10515;95;11;46;5;pay as you go;active;55;175.6500;158.0850;67.5650;non-churn;174
14;complaints not received;40;2;5898;100;36;28;2;pay as you go;active;25;431.9100;388.7190;93.1910;churn;175
2;complaints not received;38;1;2920;24;10;18;3;pay as you go;active;30;157.7600;141.9840;65.7760;non-churn;176
10;complaints not received;39;0;3070;43;19;20;3;pay as you go;non-active;30;200.5200;180.4680;70.0520;churn;177
10;complaints received;40;0;2348;46;44;35;3;pay as you go;non-active;30;271.7600;244.5840;77.1760;churn;178
1;complaints not received;40;0;213;4;10;6;3;pay as you go;non-active;30;48.6800;43.8120;60.0000;churn;179
2;complaints not received;40;1;1748;27;10;10;4;pay as you go;active;45;69.3750;62.4375;60.0000;non-churn;180
4;complaints not received;37;2;6865;99;24;26;5;pay as you go;active;55;140.4600;126.4140;64.0460;non-churn;181
1;complaints received;40;0;708;9;19;8;4;pay as you go;non-active;45;65.4250;58.8825;60.0000;churn;182
1;complaints not received;40;2;418;6;14;6;5;pay as you go;active;55;27.3600;24.6240;60.0000;non-churn;183
26;complaints not received;35;4;16155;240;10;84;2;pay as you go;active;25;782.7750;704.4975;128.2775;non-churn;184
7;complaints received;38;4;7045;118;281;37;2;contractual;active;25;1586.8350;1428.1515;208.6835;non-churn;185
3;complaints not received;40;1;3798;84;12;32;3;pay as you go;active;30;203.2800;182.9520;70.3280;non-churn;186
4;complaints not received;39;0;1745;46;48;24;3;pay as you go;non-active;30;263.6400;237.2760;76.3640;non-churn;187
7;complaints not received;40;1;2860;55;185;27;2;pay as you go;active;25;963.6750;867.3075;146.3675;non-churn;188
5;complaints not received;31;2;1395;38;203;15;2;contractual;active;25;977.9850;880.1865;147.7985;non-churn;189
5;complaints not received;30;1;1648;41;40;72;4;pay as you go;active;45;142.2250;128.0025;64.2225;non-churn;190
12;complaints not received;31;0;780;27;20;11;3;pay as you go;non-active;30;112.2800;101.0520;61.2280;non-churn;191
1;complaints not received;30;0;905;12;31;7;4;pay as you go;non-active;45;100.4250;90.3825;60.0425;non-churn;192
11;complaints not received;29;1;1305;34;29;17;2;pay as you go;active;25;190.7550;171.6795;69.0755;non-churn;193
3;complaints not received;29;1;3305;63;18;27;3;pay as you go;active;30;206.7200;186.0480;70.6720;non-churn;194
3;complaints not received;22;1;1775;28;38;18;2;pay as you go;active;25;252.1350;226.9215;75.2135;non-churn;195
17;complaints not received;21;2;6473;143;95;46;2;contractual;active;25;725.2200;652.6980;122.5220;non-churn;196
13;complaints not received;19;1;9013;173;83;44;5;pay as you go;active;55;262.2900;236.0610;76.2290;non-churn;197
9;complaints not received;20;4;2933;47;41;23;3;pay as you go;active;30;283.2000;254.8800;78.3200;non-churn;198
3;complaints not received;13;2;4470;42;225;14;3;pay as you go;active;30;1080.4800;972.4320;158.0480;non-churn;199
4;complaints not received;13;2;1568;21;10;11;3;pay as you go;active;30;103.5600;93.2040;60.3560;churn;200
7;complaints not received;34;0;4290;69;0;13;2;pay as you go;active;25;196.1550;176.5395;69.6155;non-churn;201
0;complaints not received;35;0;0;0;0;0;2;pay as you go;non-active;25;0.0000;0.0000;60.0000;non-churn;202
9;complaints not received;33;0;2373;58;349;20;2;pay as you go;active;25;1679.8950;1511.9055;217.9895;non-churn;203
9;complaints not received;34;0;4118;64;0;31;1;pay as you go;active;15;230.0100;207.0090;73.0010;non-churn;204
2;complaints not received;34;0;2313;56;0;29;1;pay as you go;active;15;130.2950;117.2655;63.0295;non-churn;205
10;complaints not received;34;0;3695;80;22;24;3;pay as you go;active;30;239.0000;215.1000;73.9000;non-churn;206
3;complaints not received;34;0;2280;37;275;14;3;pay as you go;active;30;1192.6800;1073.4120;169.2680;non-churn;207
12;complaints not received;33;1;9035;119;134;39;3;pay as you go;active;30;902.1600;811.9440;140.2160;non-churn;208
6;complaints not received;34;0;13693;167;0;40;3;pay as you go;active;30;554.4000;498.9600;105.4400;non-churn;209
6;complaints not received;34;0;4435;81;0;21;3;pay as you go;active;30;180.6400;162.5760;68.0640;non-churn;210
5;complaints not received;34;0;5838;93;0;8;2;pay as you go;active;25;266.8950;240.2055;76.6895;non-churn;211
8;complaints not received;34;0;2158;52;0;13;3;pay as you go;non-active;30;88.4000;79.5600;60.0000;non-churn;212
24;complaints not received;34;2;15060;223;44;28;3;pay as you go;active;30;787.3200;708.5880;128.7320;non-churn;213
3;complaints not received;34;0;3015;25;473;4;3;pay as you go;active;30;2013.6000;1812.2400;251.3600;non-churn;214
8;complaints not received;33;0;15405;180;140;26;2;pay as you go;active;25;1331.3250;1198.1925;183.1325;non-churn;215
2;complaints not received;33;0;6420;84;176;22;3;pay as you go;active;30;964.1600;867.7440;146.4160;non-churn;216
0;complaints not received;33;0;795;12;0;7;2;pay as you go;non-active;25;36.3150;32.6835;60.0000;non-churn;217
1;complaints not received;34;0;630;12;3;4;2;pay as you go;non-active;25;42.3900;38.1510;60.0000;non-churn;218
2;complaints not received;33;0;7428;125;374;39;2;pay as you go;active;25;2022.8850;1820.5965;252.2885;non-churn;220
6;complaints not received;33;0;11385;152;1;43;3;pay as you go;active;30;465.4800;418.9320;96.5480;non-churn;221
7;complaints not received;33;0;6638;73;98;33;2;pay as you go;active;25;742.9950;668.6955;124.2995;non-churn;222
22;complaints not received;29;0;875;45;6;13;2;pay as you go;non-active;25;68.4000;61.5600;60.0000;churn;223
20;complaints not received;32;7;10355;91;0;38;4;pay as you go;active;45;261.1500;235.0350;76.1150;non-churn;224
12;complaints received;32;0;5738;96;16;20;2;pay as you go;active;25;334.5300;301.0770;83.4530;churn;225
0;complaints not received;30;0;2760;20;0;10;3;pay as you go;active;30;111.2000;100.0800;61.1200;non-churn;226
8;complaints received;31;0;2910;39;0;12;3;pay as you go;non-active;30;117.9600;106.1640;61.7960;churn;227
8;complaints not received;32;0;2188;42;24;27;3;pay as you go;non-active;30;185.2000;166.6800;68.5200;churn;228
0;complaints received;32;0;0;0;0;0;3;pay as you go;non-active;30;0.0000;0.0000;60.0000;churn;229
0;complaints not received;32;0;1588;23;0;2;3;pay as you go;active;30;64.4400;57.9960;60.0000;non-churn;230
2;complaints not received;29;0;6705;95;4;18;4;pay as you go;active;45;180.0000;162.0000;68.0000;non-churn;231
0;complaints not received;32;0;0;0;0;0;4;pay as you go;non-active;45;0.0000;0.0000;60.0000;churn;232
0;complaints not received;32;0;0;0;0;0;5;pay as you go;active;55;0.0000;0.0000;60.0000;non-churn;233
24;complaints not received;27;2;15995;236;0;76;2;pay as you go;active;25;730.3950;657.3555;123.0395;non-churn;234
5;complaints not received;30;2;6885;114;261;29;2;contractual;active;25;1489.4550;1340.5095;198.9455;non-churn;235
1;complaints not received;32;0;3638;80;0;24;2;pay as you go;active;25;167.3100;150.5790;66.7310;non-churn;236
2;complaints not received;31;0;1585;42;28;16;3;pay as you go;non-active;30;177.0800;159.3720;67.7080;non-churn;237
5;complaints not received;32;0;2700;51;165;19;2;pay as you go;active;25;866.2950;779.6655;136.6295;non-churn;238
3;complaints not received;23;0;1235;34;183;7;2;contractual;active;25;880.6050;792.5445;138.0605;non-churn;239
3;complaints not received;22;0;1488;37;20;64;4;pay as you go;active;45;88.1250;79.3125;60.0000;non-churn;240
10;complaints not received;23;0;620;23;0;3;2;pay as you go;non-active;25;28.9350;26.0415;60.0000;non-churn;241
0;complaints not received;22;0;0;0;11;0;4;pay as you go;non-active;45;27.5000;24.7500;60.0000;non-churn;242
9;complaints not received;21;0;1145;30;9;9;2;pay as you go;active;25;93.3750;84.0375;60.0000;non-churn;243
1;complaints not received;21;0;3145;59;0;19;3;pay as you go;active;30;128.1600;115.3440;62.8160;non-churn;244
1;complaints not received;14;0;1615;24;18;10;2;pay as you go;active;25;154.7550;139.2795;65.4755;non-churn;245
15;complaints not received;13;0;6313;139;75;38;1;contractual;active;15;767.3600;690.6240;126.7360;non-churn;246
11;complaints not received;11;0;8853;169;63;36;4;pay as you go;active;45;383.0500;344.7450;88.3050;non-churn;247
7;complaints not received;12;2;2773;43;21;15;3;pay as you go;active;30;196.6400;176.9760;69.6640;non-churn;248
1;complaints not received;5;0;4310;38;205;6;3;pay as you go;active;30;993.9200;894.5280;149.3920;non-churn;249
2;complaints not received;5;0;1408;17;0;3;3;pay as you go;active;30;57.0000;51.3000;60.0000;churn;250
13;complaints not received;44;1;4630;81;20;23;3;pay as you go;active;30;268.4400;241.5960;76.8440;non-churn;251
5;complaints not received;45;0;578;15;22;10;3;pay as you go;non-active;30;111.7200;100.5480;61.1720;non-churn;252
15;complaints not received;43;1;2713;70;374;30;3;pay as you go;active;30;1607.3200;1446.5880;210.7320;non-churn;253
15;complaints not received;44;1;4458;76;16;41;1;pay as you go;active;15;337.3700;303.6330;83.7370;non-churn;254
8;complaints not received;44;1;2653;68;17;39;2;pay as you go;active;25;198.9450;179.0505;69.8945;non-churn;255
16;complaints not received;44;2;4035;92;47;34;3;pay as you go;active;30;353.0800;317.7720;85.3080;non-churn;256
9;complaints not received;44;1;2620;49;300;24;3;pay as you go;active;30;1306.7600;1176.0840;180.6760;non-churn;257
18;complaints not received;43;3;9375;131;159;49;3;pay as you go;active;30;1016.2400;914.6160;151.6240;non-churn;258
12;complaints not received;44;1;14033;179;15;50;3;pay as you go;active;30;628.4800;565.6320;112.8480;non-churn;259
12;complaints not received;44;2;4775;93;17;31;3;pay as you go;active;30;262.7200;236.4480;76.2720;non-churn;260
11;complaints not received;44;1;6178;105;22;18;3;pay as you go;active;30;339.3200;305.3880;83.9320;non-churn;261
14;complaints received;44;0;2498;64;23;23;3;pay as you go;non-active;30;194.4800;175.0320;69.4480;non-churn;262
30;complaints not received;44;4;15400;235;69;38;3;pay as you go;active;30;901.4000;811.2600;140.1400;non-churn;263
9;complaints not received;44;2;3355;37;498;14;3;pay as you go;active;30;2127.6800;1914.9120;262.7680;non-churn;264
14;complaints not received;43;1;15745;192;165;36;2;pay as you go;active;25;1459.6650;1313.6985;195.9665;non-churn;265
8;complaints not received;43;2;6760;96;201;32;3;pay as you go;active;30;1078.2400;970.4160;157.8240;non-churn;266
5;complaints not received;43;0;1135;24;15;17;2;pay as you go;non-active;25;119.6550;107.6895;61.9655;non-churn;267
7;complaints not received;44;0;970;24;28;14;3;pay as you go;non-active;30;151.7600;136.5840;65.1760;non-churn;268
5;complaints not received;43;0;260;10;15;6;2;pay as you go;non-active;25;79.6500;71.6850;60.0000;churn;269
8;complaints not received;43;1;7768;137;399;49;3;pay as you go;active;30;1912.2000;1720.9800;241.2200;non-churn;270
12;complaints not received;43;2;11725;164;26;53;4;pay as you go;active;45;362.2250;326.0025;86.2225;non-churn;271
13;complaints not received;43;2;6978;85;123;43;2;pay as you go;active;25;871.3350;784.2015;137.1335;non-churn;272
28;complaints received;39;0;1215;57;31;23;3;pay as you go;non-active;30;174.8800;157.3920;67.4880;churn;273
26;complaints not received;42;9;10695;103;16;48;5;contractual;active;55;185.9700;167.3730;68.5970;non-churn;274
18;complaints not received;42;2;6078;108;41;30;2;pay as you go;active;25;462.8700;416.5830;96.2870;non-churn;275
6;complaints not received;40;1;3100;32;15;20;3;pay as you go;active;30;185.2800;166.7520;68.5280;non-churn;276
14;complaints received;41;0;3250;51;24;22;3;pay as you go;non-active;30;228.0400;205.2360;72.8040;churn;277
14;complaints received;42;0;2528;54;49;37;4;pay as you go;non-active;45;187.0500;168.3450;68.7050;churn;278
5;complaints not received;42;0;393;12;15;8;3;pay as you go;non-active;30;76.2000;68.5800;60.0000;churn;279
6;complaints not received;42;1;1928;35;15;12;4;pay as you go;active;45;86.5750;77.9175;60.0000;non-churn;280
8;complaints not received;39;2;7045;107;29;28;5;pay as you go;active;55;150.7800;135.7020;65.0780;non-churn;281
5;complaints not received;42;0;888;17;24;10;4;pay as you go;non-active;45;82.6250;74.3625;60.0000;churn;282
5;complaints not received;42;2;598;14;19;8;5;pay as you go;active;55;37.6800;33.9120;60.0000;non-churn;283
30;complaints received;37;4;16335;248;15;86;2;pay as you go;active;25;813.7350;732.3615;131.3735;non-churn;284
11;complaints received;40;4;7225;126;286;39;3;contractual;active;30;1438.0400;1294.2360;193.8040;non-churn;285
7;complaints not received;42;1;3978;92;17;34;3;pay as you go;active;30;230.8000;207.7200;73.0800;non-churn;286
8;complaints not received;41;0;1925;54;53;26;3;pay as you go;non-active;30;291.1600;262.0440;79.1160;non-churn;287
11;complaints not received;42;1;3040;63;190;29;2;pay as you go;active;25;994.6350;895.1715;149.4635;non-churn;288
9;complaints not received;33;2;1575;46;208;17;3;contractual;active;30;896.8400;807.1560;139.6840;non-churn;289
9;complaints not received;32;1;1828;49;45;74;5;pay as you go;active;55;95.6550;86.0895;60.0000;non-churn;290
16;complaints not received;33;0;960;35;25;13;3;pay as you go;non-active;30;139.8000;125.8200;63.9800;non-churn;291
5;complaints not received;32;0;1085;20;36;9;4;pay as you go;non-active;45;117.6250;105.8625;61.7625;non-churn;292
15;complaints not received;31;1;1485;42;34;19;2;pay as you go;active;25;221.7150;199.5435;72.1715;non-churn;293
7;complaints not received;31;1;3485;71;23;29;3;pay as you go;active;30;234.2400;210.8160;73.4240;non-churn;294
7;complaints not received;24;1;1955;36;43;20;3;pay as you go;active;30;251.6400;226.4760;75.1640;non-churn;295
21;complaints not received;23;2;6653;151;100;48;2;contractual;active;25;756.1800;680.5620;125.6180;non-churn;296
17;complaints not received;21;1;9193;181;88;46;5;pay as you go;active;55;272.6100;245.3490;77.2610;non-churn;297
13;complaints not received;22;4;3113;55;46;25;3;pay as you go;active;30;310.7200;279.6480;81.0720;non-churn;298
7;complaints not received;15;2;4650;50;230;16;3;pay as you go;active;30;1108.0000;997.2000;160.8000;non-churn;299
8;complaints received;15;2;1748;29;15;13;3;pay as you go;active;30;131.0800;117.9720;63.1080;churn;300
3;complaints not received;32;0;4110;61;0;11;2;pay as you go;active;25;187.6950;168.9255;68.7695;non-churn;301
0;complaints not received;33;0;0;0;0;0;2;pay as you go;non-active;25;0.0000;0.0000;60.0000;non-churn;302
5;complaints not received;31;0;2193;50;344;18;2;pay as you go;active;25;1648.9350;1484.0415;214.8935;non-churn;303
5;complaints not received;32;0;3938;56;0;29;1;pay as you go;active;15;219.6700;197.7030;71.9670;non-churn;304
0;complaints not received;32;0;2133;48;0;27;1;pay as you go;active;15;119.9550;107.9595;61.9955;non-churn;305
6;complaints not received;32;0;3515;72;17;22;2;pay as you go;active;25;237.9150;214.1235;73.7915;non-churn;306
0;complaints not received;32;0;2100;29;270;12;3;pay as you go;active;30;1165.1600;1048.6440;166.5160;non-churn;307
8;complaints not received;31;1;8855;111;129;37;3;pay as you go;active;30;874.6400;787.1760;137.4640;non-churn;308
2;complaints not received;32;0;13513;159;0;38;3;pay as you go;active;30;546.8800;492.1920;104.6880;non-churn;309
2;complaints not received;32;0;4255;73;0;19;3;pay as you go;active;30;173.1200;155.8080;67.3120;non-churn;310
1;complaints not received;32;0;5658;85;0;6;2;pay as you go;active;25;258.4350;232.5915;75.8435;non-churn;311
4;complaints not received;32;0;1978;44;0;11;3;pay as you go;non-active;30;80.8800;72.7920;60.0000;non-churn;312
20;complaints not received;32;2;14880;215;39;26;3;pay as you go;active;30;759.8000;683.8200;125.9800;non-churn;313
0;complaints not received;32;0;2835;17;468;2;3;pay as you go;active;30;1986.0800;1787.4720;248.6080;non-churn;314
4;complaints not received;31;0;15225;172;135;24;2;pay as you go;active;25;1300.3650;1170.3285;180.0365;non-churn;315
0;complaints not received;31;0;6240;76;171;20;3;pay as you go;active;30;936.6400;842.9760;143.6640;non-churn;316
0;complaints not received;31;0;615;4;0;5;2;pay as you go;non-active;25;27.8550;25.0695;60.0000;non-churn;317
0;complaints not received;32;0;450;4;0;2;2;pay as you go;non-active;25;20.4300;18.3870;60.0000;non-churn;318
0;complaints not received;31;0;7248;117;369;37;2;pay as you go;active;25;1991.9250;1792.7325;249.1925;non-churn;320
2;complaints not received;31;0;11205;144;0;41;3;pay as you go;active;30;453.9600;408.5640;95.3960;non-churn;321
3;complaints not received;31;0;6458;65;93;31;2;pay as you go;active;25;712.0350;640.8315;121.2035;non-churn;322
18;complaints received;27;0;695;37;1;11;2;pay as you go;non-active;25;37.4400;33.6960;60.0000;churn;323
16;complaints not received;30;7;10175;83;0;36;4;pay as you go;active;45;256.4500;230.8050;75.6450;non-churn;324
8;complaints received;30;0;5558;88;11;18;2;pay as you go;active;25;303.5700;273.2130;80.3570;churn;325
0;complaints not received;28;0;2580;12;0;8;3;pay as you go;active;30;103.6800;93.3120;60.3680;non-churn;326
4;complaints not received;29;0;2730;31;0;10;2;pay as you go;non-active;25;124.2450;111.8205;62.4245;churn;327
4;complaints received;30;0;2008;34;19;25;3;pay as you go;non-active;30;157.6800;141.9120;65.7680;churn;328
0;complaints not received;30;0;0;0;0;0;3;pay as you go;non-active;30;0.0000;0.0000;60.0000;churn;329
0;complaints not received;30;0;0;0;0;0;3;pay as you go;active;30;0.0000;0.0000;60.0000;non-churn;330
0;complaints not received;27;0;6525;87;0;16;4;pay as you go;active;45;165.3000;148.7700;66.5300;non-churn;331
0;complaints received;30;0;0;0;0;0;5;pay as you go;active;55;0.0000;0.0000;60.0000;churn;333
20;complaints not received;25;2;15815;228;0;74;2;pay as you go;active;25;721.9350;649.7415;122.1935;non-churn;334
1;complaints not received;28;2;6705;106;256;27;2;contractual;active;25;1458.4950;1312.6455;195.8495;non-churn;335
0;complaints not received;30;0;3458;72;0;22;2;pay as you go;active;25;158.8500;142.9650;65.8850;non-churn;336
0;complaints not received;29;0;1405;34;23;14;3;pay as you go;non-active;30;149.5600;134.6040;64.9560;non-churn;337
1;complaints not received;30;0;2520;43;160;17;2;pay as you go;active;25;835.3350;751.8015;133.5335;non-churn;338
0;complaints not received;21;0;1055;26;178;5;2;contractual;active;25;849.6450;764.6805;134.9645;non-churn;339
0;complaints not received;20;0;1308;29;15;62;4;pay as you go;active;45;70.9250;63.8325;60.0000;non-churn;340
6;complaints not received;21;0;440;15;0;1;2;pay as you go;non-active;25;20.4750;18.4275;60.0000;non-churn;341
0;complaints not received;20;0;0;0;6;0;4;pay as you go;non-active;45;15.0000;13.5000;60.0000;non-churn;342
5;complaints not received;19;0;965;22;4;7;2;pay as you go;active;25;62.4150;56.1735;60.0000;non-churn;343
0;complaints not received;19;0;2965;51;0;17;3;pay as you go;active;30;120.6400;108.5760;62.0640;non-churn;344
0;complaints not received;12;0;1435;16;13;8;2;pay as you go;active;25;123.7950;111.4155;62.3795;non-churn;345
11;complaints not received;11;0;6133;131;70;36;1;contractual;active;15;729.5200;656.5680;122.9520;non-churn;346
7;complaints not received;9;0;8673;161;58;34;4;pay as you go;active;45;365.8500;329.2650;86.5850;non-churn;347
3;complaints not received;10;2;2593;35;16;13;3;pay as you go;active;30;169.1200;152.2080;66.9120;non-churn;348
0;complaints not received;3;0;4130;30;200;4;3;pay as you go;active;30;966.4000;869.7600;146.6400;non-churn;349
0;complaints received;3;0;1228;9;0;1;2;pay as you go;active;25;55.6650;50.0985;60.0000;churn;350
10;complaints not received;41;0;4550;79;16;22;3;pay as you go;active;30;249.1600;224.2440;74.9160;non-churn;351
2;complaints not received;42;0;498;13;18;9;2;pay as you go;non-active;25;103.9950;93.5955;60.3995;non-churn;352
12;complaints not received;40;0;2633;68;370;29;3;pay as you go;active;30;1588.0400;1429.2360;208.8040;non-churn;353
12;complaints not received;41;0;4378;74;12;40;1;pay as you go;active;15;310.8600;279.7740;81.0860;non-churn;354
5;complaints not received;41;0;2573;66;13;38;1;pay as you go;active;15;216.6450;194.9805;71.6645;non-churn;355
13;complaints not received;41;1;3955;90;43;33;3;pay as you go;active;30;333.8000;300.4200;83.3800;non-churn;356
6;complaints not received;41;0;2540;47;296;23;3;pay as you go;active;30;1287.4800;1158.7320;178.7480;non-churn;357
15;complaints not received;40;2;9295;129;155;48;3;pay as you go;active;30;996.9600;897.2640;149.6960;non-churn;358
9;complaints not received;41;0;13953;177;11;49;3;pay as you go;active;30;609.2000;548.2800;110.9200;non-churn;359
9;complaints not received;41;1;4695;91;13;30;3;pay as you go;active;30;243.4400;219.0960;74.3440;non-churn;360
8;complaints not received;41;0;6098;103;18;17;3;pay as you go;active;30;320.0400;288.0360;82.0040;non-churn;361
11;complaints not received;41;0;2418;62;19;22;3;pay as you go;non-active;30;175.2000;157.6800;67.5200;non-churn;362
27;complaints not received;41;3;15320;233;65;37;3;pay as you go;active;30;882.1200;793.9080;138.2120;non-churn;363
6;complaints not received;41;1;3275;35;494;13;3;pay as you go;active;30;2108.4000;1897.5600;260.8400;non-churn;364
11;complaints not received;40;0;15665;190;161;35;2;pay as you go;active;25;1437.9750;1294.1775;193.7975;non-churn;365
5;complaints not received;40;1;6680;94;197;31;3;pay as you go;active;30;1058.9600;953.0640;155.8960;non-churn;366
2;complaints not received;40;0;1055;22;11;16;2;pay as you go;non-active;25;97.9650;88.1685;60.0000;non-churn;367
4;complaints not received;41;0;890;22;24;13;3;pay as you go;non-active;30;132.4800;119.2320;63.2480;non-churn;368
2;complaints not received;40;0;180;8;11;5;2;pay as you go;non-active;25;57.9600;52.1640;60.0000;churn;369
5;complaints not received;40;0;7688;135;395;48;2;pay as you go;active;25;2129.5350;1916.5815;262.9535;non-churn;370
9;complaints not received;40;1;11645;162;22;52;4;pay as you go;active;45;350.1750;315.1575;85.0175;non-churn;371
10;complaints not received;40;1;6898;83;119;42;2;pay as you go;active;25;849.6450;764.6805;134.9645;non-churn;372
25;complaints received;36;0;1135;55;27;22;2;pay as you go;non-active;25;175.0500;157.5450;67.5050;churn;373
23;complaints not received;39;8;10615;101;12;47;5;pay as you go;active;55;178.7400;160.8660;67.8740;non-churn;374
15;complaints not received;39;1;5998;106;37;29;2;pay as you go;active;25;441.1800;397.0620;94.1180;non-churn;375
3;complaints not received;37;0;3020;30;11;19;3;pay as you go;active;30;166.0000;149.4000;66.6000;non-churn;376
11;complaints received;38;0;3170;49;20;21;3;pay as you go;non-active;30;208.7600;187.8840;70.8760;churn;377
11;complaints received;39;0;2448;52;45;36;3;pay as you go;non-active;30;280.0000;252.0000;78.0000;churn;378
2;complaints received;39;0;313;10;11;7;3;pay as you go;non-active;30;56.9200;51.2280;60.0000;churn;379
3;complaints not received;39;0;1848;33;11;11;3;pay as you go;active;30;119.2400;107.3160;61.9240;non-churn;380
5;complaints not received;36;1;6965;105;25;27;5;pay as you go;active;55;143.5500;129.1950;64.3550;non-churn;381
2;complaints not received;39;0;808;15;20;9;4;pay as you go;non-active;45;70.5750;63.5175;60.0000;churn;382
2;complaints not received;39;1;518;12;15;7;5;pay as you go;active;55;30.4500;27.4050;60.0000;non-churn;383
27;complaints received;34;3;16255;246;11;85;2;pay as you go;active;25;792.0450;712.8405;129.2045;non-churn;384
8;complaints not received;37;3;7145;124;282;38;2;contractual;active;25;1596.1050;1436.4945;209.6105;non-churn;385
4;complaints not received;39;0;3898;90;13;33;2;pay as you go;active;25;237.9600;214.1640;73.7960;non-churn;386
5;complaints not received;38;0;1845;52;49;25;3;pay as you go;non-active;30;271.8800;244.6920;77.1880;non-churn;387
8;complaints not received;39;0;2960;61;186;28;2;pay as you go;active;25;972.9450;875.6505;147.2945;non-churn;388
6;complaints received;30;1;1495;44;204;16;2;contractual;active;25;987.2550;888.5295;148.7255;churn;389
6;complaints not received;29;0;1748;47;41;73;4;pay as you go;active;45;147.3750;132.6375;64.7375;non-churn;390
13;complaints not received;30;0;880;33;21;12;2;pay as you go;non-active;25;135.5850;122.0265;63.5585;non-churn;391
2;complaints not received;29;0;1005;18;32;8;4;pay as you go;non-active;45;105.5750;95.0175;60.5575;non-churn;392
12;complaints not received;28;0;1405;40;30;18;2;pay as you go;active;25;200.0250;180.0225;70.0025;non-churn;393
4;complaints not received;28;0;3405;69;19;28;3;pay as you go;active;30;214.9600;193.4640;71.4960;non-churn;394
4;complaints not received;21;0;1875;34;39;19;2;pay as you go;active;25;261.4050;235.2645;76.1405;non-churn;395
18;complaints not received;20;1;6573;149;96;47;2;contractual;active;25;734.4900;661.0410;123.4490;non-churn;396
14;complaints not received;18;0;9113;179;84;45;4;pay as you go;active;45;442.3000;398.0700;94.2300;non-churn;397
10;complaints not received;19;3;3033;53;42;24;3;pay as you go;active;30;291.4400;262.2960;79.1440;non-churn;398
4;complaints not received;12;1;4570;48;226;15;3;pay as you go;active;30;1088.7200;979.8480;158.8720;non-churn;399
5;complaints not received;12;1;1668;27;11;12;3;pay as you go;active;30;111.8000;100.6200;61.1800;churn;400
6;complaints not received;35;0;4190;63;0;12;3;pay as you go;active;30;170.1200;153.1080;67.0120;non-churn;401
0;complaints not received;36;0;0;0;0;0;2;pay as you go;non-active;25;0.0000;0.0000;60.0000;non-churn;402
8;complaints not received;34;0;2273;52;348;19;3;pay as you go;active;30;1485.0000;1336.5000;198.5000;non-churn;403
8;complaints not received;35;0;4018;58;0;30;1;pay as you go;active;15;224.1800;201.7620;72.4180;non-churn;404
1;complaints not received;35;0;2213;50;0;28;1;pay as you go;active;15;124.4650;112.0185;62.4465;non-churn;405
9;complaints not received;35;1;3595;74;21;23;3;pay as you go;active;30;230.7600;207.6840;73.0760;non-churn;406
2;complaints not received;35;0;2180;31;274;13;3;pay as you go;active;30;1184.4400;1065.9960;168.4440;non-churn;407
11;complaints not received;34;2;8935;113;133;38;3;pay as you go;active;30;893.9200;804.5280;139.3920;non-churn;408
5;complaints not received;35;0;13593;161;0;39;3;pay as you go;active;30;550.1600;495.1440;105.0160;non-churn;409
5;complaints not received;35;1;4335;75;0;20;3;pay as you go;active;30;176.4000;158.7600;67.6400;non-churn;410
4;complaints not received;35;0;5738;87;0;7;3;pay as you go;active;30;233.0000;209.7000;73.3000;non-churn;411
7;complaints not received;35;0;2058;46;0;12;3;pay as you go;non-active;30;84.1600;75.7440;60.0000;non-churn;412
23;complaints not received;35;3;14960;217;43;27;3;pay as you go;active;30;779.0800;701.1720;127.9080;non-churn;413
2;complaints not received;35;1;2915;19;472;3;3;pay as you go;active;30;2005.3600;1804.8240;250.5360;non-churn;414
7;complaints not received;34;0;15305;174;139;25;2;pay as you go;active;25;1322.0550;1189.8495;182.2055;non-churn;415
1;complaints not received;34;1;6320;78;175;21;3;pay as you go;active;30;955.9200;860.3280;145.5920;non-churn;416
0;complaints not received;34;0;695;6;0;6;2;pay as you go;non-active;25;31.5450;28.3905;60.0000;non-churn;417
0;complaints not received;35;0;530;6;2;3;3;pay as you go;non-active;30;29.4400;26.4960;60.0000;non-churn;418
0;complaints received;34;0;0;0;0;0;2;pay as you go;non-active;25;0.0000;0.0000;60.0000;churn;419
1;complaints not received;34;0;7328;119;373;38;2;pay as you go;active;25;2013.6150;1812.2535;251.3615;non-churn;420
5;complaints not received;34;1;11285;146;0;42;4;pay as you go;active;45;285.7750;257.1975;78.5775;non-churn;421
6;complaints not received;34;1;6538;67;97;32;2;pay as you go;active;25;733.7250;660.3525;123.3725;non-churn;422
21;complaints received;30;0;775;39;5;12;2;pay as you go;non-active;25;59.1300;53.2170;60.0000;churn;423
19;complaints not received;33;8;10255;85;0;37;5;pay as you go;active;55;155.1000;139.5900;65.5100;non-churn;424
11;complaints received;33;1;5638;90;15;19;2;pay as you go;active;25;325.2600;292.7340;82.5260;churn;425
0;complaints not received;31;0;2660;14;0;9;3;pay as you go;active;30;106.9600;96.2640;60.6960;non-churn;426
7;complaints not received;32;0;2810;33;0;11;3;pay as you go;non-active;30;113.7200;102.3480;61.3720;churn;427
7;complaints received;33;0;2088;36;23;26;3;pay as you go;non-active;30;176.9600;159.2640;67.6960;churn;428
0;complaints not received;33;0;1488;17;0;1;3;pay as you go;active;30;60.2000;54.1800;60.0000;non-churn;430
1;complaints not received;30;1;6605;89;3;17;5;pay as you go;active;55;104.9100;94.4190;60.4910;non-churn;431
0;complaints not received;33;0;0;0;0;0;4;pay as you go;non-active;45;0.0000;0.0000;60.0000;churn;432
0;complaints not received;33;0;0;0;0;0;5;pay as you go;active;55;0.0000;0.0000;60.0000;non-churn;433
23;complaints not received;28;3;15895;230;0;75;2;pay as you go;active;25;725.6250;653.0625;122.5625;non-churn;434
4;complaints not received;31;3;6785;108;260;28;2;contractual;active;25;1480.1850;1332.1665;198.0185;non-churn;435
0;complaints not received;33;0;3538;74;0;23;2;pay as you go;active;25;162.5400;146.2860;66.2540;non-churn;436
1;complaints not received;32;0;1485;36;27;15;3;pay as you go;non-active;30;168.8400;151.9560;66.8840;non-churn;437
4;complaints not received;33;0;2600;45;164;18;2;pay as you go;active;25;857.0250;771.3225;135.7025;non-churn;438
2;complaints not received;24;1;1135;28;182;6;2;contractual;active;25;871.3350;784.2015;137.1335;non-churn;439
2;complaints not received;23;0;1388;31;19;63;4;pay as you go;active;45;82.9750;74.6775;60.0000;non-churn;440
9;complaints not received;24;0;520;17;0;2;2;pay as you go;non-active;25;24.1650;21.7485;60.0000;non-churn;441
0;complaints not received;23;0;0;0;10;0;4;pay as you go;non-active;45;25.0000;22.5000;60.0000;non-churn;442
8;complaints not received;22;0;1045;24;8;8;2;pay as you go;active;25;84.1050;75.6945;60.0000;non-churn;443
0;complaints not received;22;0;3045;53;0;18;3;pay as you go;active;30;123.9200;111.5280;62.3920;non-churn;444
0;complaints not received;15;0;1515;18;17;9;2;pay as you go;active;25;145.4850;130.9365;64.5485;non-churn;445
14;complaints not received;14;1;6213;133;74;37;2;contractual;active;25;618.5700;556.7130;111.8570;non-churn;446
10;complaints not received;12;0;8753;163;62;35;4;pay as you go;active;45;377.9000;340.1100;87.7900;non-churn;447
6;complaints not received;13;3;2673;37;20;14;3;pay as you go;active;30;188.4000;169.5600;68.8400;non-churn;448
0;complaints not received;6;1;4210;32;204;5;3;pay as you go;active;30;985.6800;887.1120;148.5680;non-churn;449
1;complaints not received;6;1;1308;11;0;2;3;pay as you go;active;30;52.7600;47.4840;60.0000;churn;450
12;complaints not received;38;2;4970;81;26;32;3;pay as you go;active;30;306.0400;275.4360;80.6040;non-churn;451
4;complaints not received;39;0;918;15;28;19;3;pay as you go;non-active;30;149.3200;134.3880;64.9320;non-churn;452
14;complaints not received;37;2;3053;70;380;39;3;pay as you go;active;30;1644.9200;1480.4280;214.4920;non-churn;453
14;complaints not received;38;2;4798;76;22;50;1;pay as you go;active;15;389.0700;350.1630;88.9070;non-churn;454
7;complaints not received;38;2;2993;68;23;48;2;pay as you go;active;25;241.2450;217.1205;74.1245;non-churn;455
15;complaints not received;38;3;4375;92;53;43;3;pay as you go;active;30;390.6800;351.6120;89.0680;non-churn;456
8;complaints not received;38;2;2960;49;306;33;3;pay as you go;active;30;1344.3600;1209.9240;184.4360;non-churn;457
17;complaints not received;37;4;9715;131;165;58;3;contractual;active;30;1053.8400;948.4560;155.3840;non-churn;458
11;complaints not received;38;2;14373;179;21;59;3;pay as you go;active;30;666.0800;599.4720;116.6080;non-churn;459
11;complaints not received;38;3;5115;93;23;40;3;pay as you go;active;30;300.3200;270.2880;80.0320;non-churn;460
10;complaints not received;38;2;6518;105;28;27;3;pay as you go;active;30;376.9200;339.2280;87.6920;non-churn;461
13;complaints not received;38;0;2838;64;29;32;3;pay as you go;non-active;30;232.0800;208.8720;73.2080;non-churn;462
29;complaints not received;38;5;15740;235;75;47;3;pay as you go;active;30;939.0000;845.1000;143.9000;non-churn;463
8;complaints not received;38;3;3695;37;504;23;3;pay as you go;active;30;2165.2800;1948.7520;266.5280;non-churn;464
13;complaints not received;37;2;16085;192;171;45;2;pay as you go;active;25;1501.9650;1351.7685;200.1965;non-churn;465
7;complaints not received;37;3;7100;96;207;41;3;pay as you go;active;30;1115.8400;1004.2560;161.5840;non-churn;466
4;complaints not received;37;0;1475;24;21;26;2;pay as you go;non-active;25;161.9550;145.7595;66.1955;non-churn;467
6;complaints not received;38;0;1310;24;34;23;3;pay as you go;non-active;30;189.3600;170.4240;68.9360;non-churn;468
4;complaints not received;37;0;600;10;21;15;2;pay as you go;non-active;25;121.9500;109.7550;62.1950;churn;469
7;complaints not received;37;2;8108;137;405;58;3;pay as you go;active;30;1949.8000;1754.8200;244.9800;non-churn;470
11;complaints not received;37;3;12065;164;32;62;4;pay as you go;active;45;385.7250;347.1525;88.5725;non-churn;471
12;complaints not received;37;3;7318;85;129;52;2;pay as you go;active;25;913.6350;822.2715;141.3635;non-churn;472
27;complaints received;33;0;1555;57;37;32;3;pay as you go;non-active;30;212.4800;191.2320;71.2480;churn;473
25;complaints not received;36;10;11035;103;22;57;5;contractual;active;55;200.0700;180.0630;70.0070;non-churn;474
17;complaints not received;36;3;6418;108;47;39;2;pay as you go;active;25;505.1700;454.6530;100.5170;non-churn;475
5;complaints not received;34;2;3440;32;21;29;3;pay as you go;active;30;222.8800;200.5920;72.2880;non-churn;476
13;complaints received;35;0;3590;51;30;31;3;pay as you go;non-active;30;265.6400;239.0760;76.5640;churn;477
13;complaints received;36;0;2868;54;55;46;3;pay as you go;non-active;30;336.8800;303.1920;83.6880;churn;478
4;complaints not received;36;0;733;12;21;17;3;pay as you go;non-active;30;113.8000;102.4200;61.3800;churn;479
5;complaints not received;36;2;2268;35;21;21;4;pay as you go;active;45;110.0750;99.0675;61.0075;non-churn;480
7;complaints not received;33;3;7385;107;35;37;5;pay as you go;active;55;164.8800;148.3920;66.4880;non-churn;481
4;complaints not received;36;0;1228;17;30;19;4;pay as you go;non-active;45;106.1250;95.5125;60.6125;churn;482
4;complaints not received;36;3;938;14;25;17;5;pay as you go;active;55;51.7800;46.6020;60.0000;non-churn;483
29;complaints not received;31;5;16675;248;21;95;2;pay as you go;active;25;856.0350;770.4315;135.6035;non-churn;484
10;complaints not received;34;5;7565;126;292;48;2;contractual;active;25;1660.0950;1494.0855;216.0095;non-churn;485
6;complaints not received;36;2;4318;92;23;43;3;pay as you go;active;30;268.4000;241.5600;76.8400;non-churn;486
7;complaints received;35;0;2265;54;59;35;3;pay as you go;non-active;30;328.7600;295.8840;82.8760;churn;487
10;complaints not received;36;2;3380;63;196;38;2;pay as you go;active;25;1036.9350;933.2415;153.6935;non-churn;488
8;complaints not received;27;3;1915;46;214;26;2;contractual;active;25;1051.2450;946.1205;155.1245;non-churn;489
8;complaints not received;26;2;2168;49;51;83;4;pay as you go;active;45;182.9250;164.6325;68.2925;non-churn;490
15;complaints not received;27;0;1300;35;31;22;3;pay as you go;non-active;30;177.4000;159.6600;67.7400;non-churn;491
4;complaints not received;26;0;1425;20;42;18;4;pay as you go;non-active;45;141.1250;127.0125;64.1125;non-churn;492
14;complaints not received;25;2;1825;42;40;28;2;pay as you go;active;25;264.0150;237.6135;76.4015;non-churn;493
6;complaints not received;25;2;3825;71;29;38;3;pay as you go;active;30;271.8400;244.6560;77.1840;non-churn;494
6;complaints not received;18;2;2295;36;49;29;2;pay as you go;active;25;325.3950;292.8555;82.5395;non-churn;495
20;complaints not received;17;3;6993;151;106;57;2;contractual;active;25;798.4800;718.6320;129.8480;non-churn;496
16;complaints not received;15;2;9533;181;94;55;5;pay as you go;active;55;286.7100;258.0390;78.6710;non-churn;497
12;complaints not received;16;5;3453;55;52;34;3;pay as you go;active;30;348.3200;313.4880;84.8320;non-churn;498
6;complaints not received;9;3;4990;50;236;25;3;pay as you go;active;30;1145.6000;1031.0400;164.5600;non-churn;499
7;complaints received;9;3;2088;29;21;22;3;pay as you go;active;30;168.6800;151.8120;66.8680;churn;500
4;complaints not received;38;0;3770;61;0;2;2;pay as you go;active;25;172.3950;155.1555;67.2395;non-churn;501
0;complaints not received;39;0;0;0;0;0;2;pay as you go;non-active;25;0.0000;0.0000;60.0000;non-churn;502
6;complaints not received;37;0;1853;50;338;9;2;pay as you go;active;25;1606.6350;1445.9715;210.6635;non-churn;503
6;complaints not received;38;0;3598;56;0;20;1;pay as you go;active;15;200.9700;180.8730;70.0970;non-churn;504
0;complaints not received;38;0;1793;48;0;18;1;pay as you go;active;15;101.2550;91.1295;60.1255;non-churn;505
7;complaints not received;38;0;3175;72;11;13;3;pay as you go;active;30;173.8800;156.4920;67.3880;non-churn;506
0;complaints not received;38;0;1760;29;264;3;3;pay as you go;active;30;1127.5600;1014.8040;162.7560;non-churn;507
9;complaints not received;37;0;8515;111;123;28;3;pay as you go;active;30;837.0400;753.3360;133.7040;non-churn;508
3;complaints not received;38;0;13173;159;0;29;3;pay as you go;active;30;533.2800;479.9520;103.3280;non-churn;509
3;complaints not received;38;0;3915;73;0;10;3;pay as you go;active;30;159.5200;143.5680;65.9520;non-churn;510
2;complaints not received;38;0;5318;85;0;15;2;pay as you go;active;25;243.1350;218.8215;74.3135;non-churn;511
5;complaints not received;38;0;1638;44;0;2;3;pay as you go;non-active;30;67.2800;60.5520;60.0000;non-churn;512
21;complaints not received;38;1;14540;215;33;17;3;pay as you go;active;30;722.2000;649.9800;122.2200;non-churn;513
0;complaints not received;38;0;2495;17;462;7;3;pay as you go;active;30;1948.4800;1753.6320;244.8480;non-churn;514
5;complaints not received;37;0;14885;172;129;15;2;pay as you go;active;25;1258.0650;1132.2585;175.8065;non-churn;515
0;complaints not received;37;0;5900;76;165;11;3;pay as you go;active;30;899.0400;809.1360;139.9040;non-churn;516
0;complaints not received;37;0;275;4;0;1;2;pay as you go;non-active;25;12.5550;11.2995;60.0000;non-churn;517
0;complaints not received;38;0;110;4;0;1;2;pay as you go;non-active;25;5.1300;4.6170;60.0000;non-churn;518
0;complaints not received;37;0;6908;117;363;28;2;pay as you go;active;25;1949.6250;1754.6625;244.9625;non-churn;520
3;complaints not received;37;0;10865;144;0;32;3;pay as you go;active;30;440.3600;396.3240;94.0360;non-churn;521
4;complaints not received;37;0;6118;65;87;22;2;pay as you go;active;25;669.7350;602.7615;116.9735;non-churn;522
19;complaints not received;33;0;355;37;0;2;2;pay as you go;non-active;25;17.6400;15.8760;60.0000;churn;523
17;complaints not received;36;6;9835;83;0;27;4;pay as you go;active;45;247.9500;223.1550;74.7950;non-churn;524
9;complaints received;36;0;5218;88;5;9;2;pay as you go;active;25;261.2700;235.1430;76.1270;churn;525
0;complaints not received;34;0;2240;12;0;4;3;pay as you go;active;30;90.0800;81.0720;60.0000;non-churn;526
5;complaints not received;35;0;2390;31;0;1;3;pay as you go;non-active;30;96.8400;87.1560;60.0000;churn;527
5;complaints not received;36;0;1668;34;13;16;3;pay as you go;non-active;30;120.0800;108.0720;62.0080;churn;528
0;complaints not received;36;0;1068;15;0;3;3;pay as you go;active;30;43.3200;38.9880;60.0000;non-churn;530
0;complaints not received;33;0;6185;87;0;7;4;pay as you go;active;45;156.8000;141.1200;65.6800;non-churn;531
0;complaints not received;36;0;0;0;0;0;4;pay as you go;non-active;45;0.0000;0.0000;60.0000;churn;532
0;complaints not received;36;0;0;0;0;0;5;pay as you go;active;55;0.0000;0.0000;60.0000;non-churn;533
21;complaints not received;31;1;15475;228;0;65;2;pay as you go;active;25;706.6350;635.9715;120.6635;non-churn;534
2;complaints not received;34;1;6365;106;250;18;2;contractual;active;25;1416.1950;1274.5755;191.6195;non-churn;535
0;complaints not received;36;0;3118;72;0;13;2;pay as you go;active;25;143.5500;129.1950;64.3550;non-churn;536
0;complaints not received;35;0;1065;34;17;5;3;pay as you go;non-active;30;111.9600;100.7640;61.1960;non-churn;537
2;complaints not received;36;0;2180;43;154;8;2;pay as you go;active;25;793.0350;713.7315;129.3035;non-churn;538
0;complaints not received;27;0;715;26;172;1;2;contractual;active;25;807.3450;726.6105;130.7345;non-churn;539
0;complaints not received;26;0;968;29;9;53;4;pay as you go;active;45;47.4250;42.6825;60.0000;non-churn;540
7;complaints not received;27;0;100;15;0;3;2;pay as you go;non-active;25;5.1750;4.6575;60.0000;non-churn;541
0;complaints not received;26;0;0;0;0;0;4;pay as you go;non-active;45;0.0000;0.0000;60.0000;non-churn;542
6;complaints not received;25;0;625;22;0;2;2;pay as you go;active;25;29.1150;26.2035;60.0000;non-churn;543
0;complaints not received;25;0;2625;51;0;8;3;pay as you go;active;30;107.0400;96.3360;60.7040;non-churn;544
0;complaints not received;18;0;1095;16;7;6;2;pay as you go;active;25;81.4950;73.3455;60.0000;non-churn;545
12;complaints not received;17;0;5793;131;64;27;1;contractual;active;15;677.8200;610.0380;117.7820;non-churn;546
8;complaints not received;15;0;8333;161;52;25;4;pay as you go;active;45;342.3500;308.1150;84.2350;non-churn;547
4;complaints not received;16;1;2253;35;10;4;3;pay as you go;active;30;131.5200;118.3680;63.1520;non-churn;548
0;complaints not received;9;0;3790;30;194;23;3;pay as you go;active;30;928.8000;835.9200;142.8800;non-churn;549
0;complaints received;9;0;888;9;0;3;3;pay as you go;active;30;35.8800;32.2920;60.0000;churn;550
8;complaints not received;39;1;4485;77;37;21;3;pay as you go;active;30;330.4800;297.4320;83.0480;non-churn;551
0;complaints not received;40;0;433;11;39;8;3;pay as you go;non-active;30;173.7600;156.3840;67.3760;non-churn;552
10;complaints not received;38;1;2568;66;391;28;3;pay as you go;active;30;1669.3600;1502.4240;216.9360;non-churn;553
10;complaints not received;39;1;4313;72;33;39;1;pay as you go;active;15;422.6750;380.4075;92.2675;non-churn;554
3;complaints not received;39;1;2508;64;34;37;2;pay as you go;active;25;268.7400;241.8660;76.8740;non-churn;555
11;complaints not received;39;2;3890;88;64;32;3;pay as you go;active;30;415.1200;373.6080;91.5120;non-churn;556
4;complaints not received;39;1;2475;45;317;22;4;pay as you go;active;45;855.5000;769.9500;135.5500;non-churn;557
13;complaints not received;38;3;9230;127;176;47;3;pay as you go;active;30;1078.2800;970.4520;157.8280;non-churn;558
7;complaints not received;39;1;13888;175;32;48;3;pay as you go;active;30;690.5200;621.4680;119.0520;non-churn;559
7;complaints not received;39;2;4630;89;34;29;3;pay as you go;active;30;324.7600;292.2840;82.4760;non-churn;560
6;complaints not received;39;1;6033;101;39;16;3;pay as you go;active;30;401.3600;361.2240;90.1360;non-churn;561
9;complaints received;39;0;2353;60;40;21;3;pay as you go;non-active;30;256.5200;230.8680;75.6520;non-churn;562
25;complaints not received;39;4;15255;231;86;36;3;pay as you go;active;30;963.4400;867.0960;146.3440;non-churn;563
4;complaints not received;39;2;3210;33;515;12;4;pay as you go;active;45;1368.5750;1231.7175;186.8575;non-churn;564
9;complaints not received;38;1;15600;188;182;34;2;pay as you go;active;25;1529.4600;1376.5140;202.9460;non-churn;565
3;complaints not received;38;2;6615;92;218;30;3;pay as you go;active;30;1140.2800;1026.2520;164.0280;non-churn;566
0;complaints not received;38;0;990;20;32;15;2;pay as you go;non-active;25;189.4500;170.5050;68.9450;non-churn;567
2;complaints not received;39;0;825;20;45;12;3;pay as you go;non-active;30;213.8000;192.4200;71.3800;non-churn;568
0;complaints not received;38;0;115;6;32;4;2;pay as you go;non-active;25;149.4450;134.5005;64.9445;churn;569
3;complaints not received;38;1;7623;133;416;47;3;pay as you go;active;30;1974.2400;1776.8160;247.4240;non-churn;570
7;complaints not received;38;2;11580;160;43;51;4;pay as you go;active;45;401.0000;360.9000;90.1000;non-churn;571
8;complaints not received;38;2;6833;81;140;41;2;pay as you go;active;25;941.1300;847.0170;144.1130;non-churn;572
23;complaints received;34;0;1070;53;48;21;3;pay as you go;non-active;30;236.9200;213.2280;73.6920;churn;573
21;complaints not received;37;9;10550;99;33;46;5;pay as you go;active;55;209.2350;188.3115;70.9235;non-churn;574
13;complaints not received;37;2;5933;104;58;28;3;pay as you go;active;30;473.4800;426.1320;97.3480;non-churn;575
1;complaints not received;35;1;2955;28;32;18;3;pay as you go;active;30;247.3200;222.5880;74.7320;non-churn;576
9;complaints received;36;0;3105;47;41;20;3;pay as you go;non-active;30;290.0800;261.0720;79.0080;churn;577
9;complaints not received;37;0;2383;50;66;35;4;pay as you go;non-active;45;225.8250;203.2425;72.5825;churn;578
0;complaints not received;37;0;248;8;32;6;3;pay as you go;non-active;30;138.2400;124.4160;63.8240;churn;579
1;complaints not received;37;1;1783;31;32;10;4;pay as you go;active;45;125.3500;112.8150;62.5350;non-churn;580
3;complaints not received;34;2;6900;103;46;26;5;pay as you go;active;55;174.0450;156.6405;67.4045;non-churn;581
0;complaints not received;37;0;743;13;41;8;4;pay as you go;non-active;45;121.4000;109.2600;62.1400;churn;582
0;complaints not received;37;2;453;10;36;6;5;pay as you go;active;55;60.9450;54.8505;60.0000;non-churn;583
25;complaints not received;32;4;16190;244;32;84;2;contractual;active;25;883.5300;795.1770;138.3530;non-churn;584
6;complaints not received;35;4;7080;122;303;37;3;contractual;active;30;1500.0800;1350.0720;200.0080;non-churn;585
2;complaints not received;37;1;3833;88;34;32;3;pay as you go;active;30;292.8400;263.5560;79.2840;non-churn;586
3;complaints not received;36;0;1780;50;70;24;4;pay as you go;non-active;45;220.7500;198.6750;72.0750;non-churn;587
6;complaints not received;37;1;2895;59;207;27;2;pay as you go;active;25;1064.4300;957.9870;156.4430;non-churn;588
4;complaints not received;28;2;1430;42;225;15;3;contractual;active;30;958.8800;862.9920;145.8880;non-churn;589
4;complaints not received;27;1;1683;45;62;72;5;pay as you go;active;55;118.9200;107.0280;61.8920;non-churn;590
11;complaints not received;28;0;815;31;42;11;3;pay as you go;non-active;30;201.8400;181.6560;70.1840;non-churn;591
0;complaints not received;27;0;940;16;53;7;4;pay as you go;non-active;45;156.4000;140.7600;65.6400;non-churn;592
10;complaints not received;26;1;1340;38;51;17;2;pay as you go;active;25;291.5100;262.3590;79.1510;non-churn;593
2;complaints not received;26;1;3340;67;40;27;3;pay as you go;active;30;296.2800;266.6520;79.6280;non-churn;594
2;complaints not received;19;1;1810;32;60;18;3;pay as you go;active;30;313.6800;282.3120;81.3680;non-churn;595
16;complaints not received;18;2;6508;147;117;46;2;contractual;active;25;825.9750;743.3775;132.5975;non-churn;596
12;complaints not received;16;1;9048;177;105;44;5;pay as you go;active;55;295.8750;266.2875;79.5875;non-churn;597
8;complaints not received;17;4;2968;51;63;23;3;contractual;active;30;372.7600;335.4840;87.2760;non-churn;598
2;complaints not received;10;2;4505;46;247;14;3;pay as you go;active;30;1170.0400;1053.0360;167.0040;non-churn;599
3;complaints not received;10;2;1603;25;32;11;3;pay as you go;active;30;193.1200;173.8080;69.3120;churn;600
8;complaints not received;37;0;4255;65;0;13;2;pay as you go;active;25;194.4000;174.9600;69.4400;non-churn;601
10;complaints not received;36;0;2338;54;327;20;2;pay as you go;active;25;1579.1400;1421.2260;207.9140;non-churn;603
10;complaints not received;37;0;4083;60;0;31;1;pay as you go;active;15;227.8650;205.0785;72.7865;non-churn;604
3;complaints not received;37;0;2278;52;0;29;1;pay as you go;active;15;128.1500;115.3350;62.8150;non-churn;605
11;complaints not received;37;0;3660;76;0;24;2;pay as you go;active;25;168.1200;151.3080;66.8120;non-churn;606
4;complaints not received;37;0;2245;33;253;14;3;pay as you go;active;30;1103.1200;992.8080;160.3120;non-churn;607
13;complaints not received;36;1;9000;115;112;39;3;pay as you go;active;30;812.6000;731.3400;131.2600;non-churn;608
7;complaints not received;37;0;13658;163;0;40;3;pay as you go;active;30;552.8400;497.5560;105.2840;non-churn;609
7;complaints not received;37;0;4400;77;0;21;3;pay as you go;active;30;179.0800;161.1720;67.9080;non-churn;610
6;complaints not received;37;0;5803;89;0;8;2;pay as you go;active;25;265.1400;238.6260;76.5140;non-churn;611
9;complaints not received;37;0;2123;48;0;13;3;pay as you go;non-active;30;86.8400;78.1560;60.0000;non-churn;612
25;complaints not received;37;2;15025;219;22;28;3;pay as you go;active;30;697.7600;627.9840;119.7760;non-churn;613
4;complaints not received;37;0;2980;21;451;4;3;pay as you go;active;30;1924.0400;1731.6360;242.4040;non-churn;614
9;complaints not received;36;0;15370;176;118;26;2;pay as you go;active;25;1230.5700;1107.5130;173.0570;non-churn;615
3;complaints not received;36;0;6385;80;154;22;3;pay as you go;active;30;874.6000;787.1400;137.4600;non-churn;616
0;complaints not received;36;0;760;8;0;7;2;pay as you go;non-active;25;34.5600;31.1040;60.0000;non-churn;617
2;complaints not received;37;0;595;8;0;4;2;pay as you go;non-active;25;27.1350;24.4215;60.0000;non-churn;618
0;complaints received;36;0;0;0;0;0;2;pay as you go;non-active;25;0.0000;0.0000;60.0000;churn;619
3;complaints not received;36;0;7393;121;352;39;2;pay as you go;active;25;1922.1300;1729.9170;242.2130;non-churn;620
7;complaints not received;36;0;11350;148;0;43;3;pay as you go;active;30;459.9200;413.9280;95.9920;non-churn;621
8;complaints not received;36;0;6603;69;76;33;2;pay as you go;active;25;642.2400;578.0160;114.2240;non-churn;622
23;complaints not received;32;0;840;41;0;13;2;pay as you go;non-active;25;39.6450;35.6805;60.0000;churn;623
21;complaints not received;35;7;10320;87;0;38;4;contractual;active;45;260.1750;234.1575;76.0175;non-churn;624
13;complaints received;35;0;5703;92;0;20;2;pay as you go;active;25;260.7750;234.6975;76.0775;churn;625
1;complaints not received;33;0;2725;16;0;10;3;pay as you go;active;30;109.6400;98.6760;60.9640;non-churn;626
9;complaints received;34;0;2875;35;0;12;2;pay as you go;non-active;25;130.9500;117.8550;63.0950;churn;627
9;complaints not received;35;0;2153;38;2;27;3;pay as you go;non-active;30;95.6400;86.0760;60.0000;churn;628
1;complaints not received;35;0;1553;19;0;2;3;pay as you go;active;30;62.8800;56.5920;60.0000;non-churn;630
3;complaints not received;32;0;6670;91;0;18;4;pay as you go;active;45;169.0250;152.1225;66.9025;non-churn;631
0;complaints not received;35;0;513;1;0;3;4;pay as you go;non-active;45;12.8500;11.5650;60.0000;churn;632
0;complaints not received;35;0;0;0;0;0;4;pay as you go;active;45;0.0000;0.0000;60.0000;non-churn;633
25;complaints not received;30;2;15960;232;0;76;2;pay as you go;active;25;728.6400;655.7760;122.8640;non-churn;634
6;complaints not received;33;2;6850;110;239;29;2;contractual;active;25;1388.7000;1249.8300;188.8700;non-churn;635
2;complaints not received;35;0;3603;76;0;24;2;pay as you go;active;25;165.5550;148.9995;66.5555;non-churn;636
3;complaints not received;34;0;1550;38;6;16;3;pay as you go;non-active;30;87.5200;78.7680;60.0000;non-churn;637
6;complaints not received;35;0;2665;47;143;19;2;pay as you go;active;25;765.5400;688.9860;126.5540;non-churn;638
4;complaints not received;26;0;1200;30;161;7;2;contractual;active;25;779.8500;701.8650;127.9850;non-churn;639
4;complaints not received;25;0;1453;33;0;64;4;pay as you go;active;45;37.1500;33.4350;60.0000;non-churn;640
11;complaints not received;26;0;585;19;0;3;2;pay as you go;non-active;25;27.1800;24.4620;60.0000;non-churn;641
0;complaints not received;25;0;710;4;0;1;4;pay as you go;non-active;45;17.8500;16.0650;60.0000;non-churn;642
10;complaints not received;24;0;1110;26;0;9;2;pay as you go;active;25;51.1200;46.0080;60.0000;non-churn;643
2;complaints not received;24;0;3110;55;0;19;3;pay as you go;active;30;126.6000;113.9400;62.6600;non-churn;644
2;complaints not received;17;0;1580;20;0;10;2;pay as you go;active;25;72.0000;64.8000;60.0000;non-churn;645
16;complaints not received;16;0;6278;135;53;38;1;contractual;active;15;644.2150;579.7935;114.4215;non-churn;646
12;complaints not received;14;0;8818;165;41;36;4;pay as you go;active;45;327.0750;294.3675;82.7075;non-churn;647
8;complaints not received;15;2;2738;39;0;15;3;pay as you go;active;30;111.0800;99.9720;61.1080;non-churn;648
2;complaints not received;8;0;4275;34;183;6;3;pay as you go;active;30;904.3600;813.9240;140.4360;non-churn;649
3;complaints received;8;0;1373;13;0;3;2;pay as you go;active;25;62.3700;56.1330;60.0000;churn;650
10;complaints not received;38;0;4560;72;14;20;3;pay as you go;active;30;241.2800;217.1520;74.1280;non-churn;651
2;complaints not received;39;0;508;6;16;7;2;pay as you go;non-active;25;95.1300;85.6170;60.0000;non-churn;652
12;complaints not received;37;0;2643;61;368;27;3;pay as you go;active;30;1580.1600;1422.1440;208.0160;non-churn;653
12;complaints not received;38;0;4388;67;10;38;1;pay as you go;active;15;300.0250;270.0225;80.0025;non-churn;654
5;complaints not received;38;0;2583;59;11;36;1;pay as you go;active;15;205.8100;185.2290;70.5810;non-churn;655
13;complaints not received;38;1;3965;83;41;31;3;pay as you go;active;30;325.9200;293.3280;82.5920;non-churn;656
6;complaints not received;38;0;2550;40;294;21;3;pay as you go;active;30;1279.6000;1151.6400;177.9600;non-churn;657
15;complaints not received;37;2;9305;122;153;46;3;pay as you go;active;30;989.0800;890.1720;148.9080;non-churn;658
9;complaints not received;38;0;13963;170;9;47;3;pay as you go;active;30;601.3200;541.1880;110.1320;non-churn;659
9;complaints not received;38;1;4705;84;11;28;3;pay as you go;active;30;235.5600;212.0040;73.5560;non-churn;660
8;complaints not received;38;0;6108;96;16;15;3;pay as you go;active;30;312.1600;280.9440;81.2160;non-churn;661
11;complaints received;38;0;2428;55;17;20;3;pay as you go;non-active;30;167.3200;150.5880;66.7320;non-churn;662
27;complaints not received;38;3;15330;226;63;35;3;pay as you go;active;30;874.2400;786.8160;137.4240;non-churn;663
6;complaints not received;38;1;3285;28;492;11;3;pay as you go;active;30;2100.5200;1890.4680;260.0520;non-churn;664
11;complaints not received;37;0;15675;183;159;33;2;pay as you go;active;25;1429.1100;1286.1990;192.9110;non-churn;665
5;complaints not received;37;1;6690;87;195;29;3;pay as you go;active;30;1051.0800;945.9720;155.1080;non-churn;666
2;complaints not received;37;0;1065;15;9;14;2;pay as you go;non-active;25;89.1000;80.1900;60.0000;non-churn;667
4;complaints not received;38;0;900;15;22;11;3;pay as you go;non-active;30;124.6000;112.1400;62.4600;non-churn;668
2;complaints not received;37;0;190;1;9;3;2;pay as you go;non-active;25;49.0950;44.1855;60.0000;churn;669
5;complaints not received;37;0;7698;128;393;46;2;pay as you go;active;25;2120.6700;1908.6030;262.0670;non-churn;670
9;complaints not received;37;1;11655;155;20;50;4;pay as you go;active;45;345.2500;310.7250;84.5250;non-churn;671
10;complaints not received;37;1;6908;76;117;40;2;pay as you go;active;25;840.7800;756.7020;134.0780;non-churn;672
25;complaints received;33;0;1145;48;25;20;2;pay as you go;non-active;25;166.1850;149.5665;66.6185;churn;673
23;complaints not received;36;8;10625;94;10;45;5;pay as you go;active;55;175.7850;158.2065;67.5785;non-churn;674
15;complaints not received;36;1;6008;99;35;27;2;pay as you go;active;25;432.3150;389.0835;93.2315;churn;675
3;complaints not received;34;0;3030;23;9;17;3;pay as you go;active;30;158.1200;142.3080;65.8120;non-churn;676
11;complaints received;35;0;3180;42;18;19;3;pay as you go;non-active;30;200.8800;180.7920;70.0880;churn;677
11;complaints received;36;0;2458;45;43;34;3;pay as you go;non-active;30;272.1200;244.9080;77.2120;churn;678
2;complaints not received;36;0;323;3;9;5;3;pay as you go;non-active;30;49.0400;44.1360;60.0000;churn;679
3;complaints not received;36;0;1858;26;9;9;3;pay as you go;active;30;111.3600;100.2240;61.1360;non-churn;680
5;complaints not received;33;1;6975;98;23;25;5;pay as you go;active;55;140.5950;126.5355;64.0595;non-churn;681
2;complaints not received;36;0;818;8;18;7;4;pay as you go;non-active;45;65.6500;59.0850;60.0000;churn;682
2;complaints not received;36;1;528;5;13;5;5;pay as you go;active;55;27.4950;24.7455;60.0000;non-churn;683
27;complaints not received;31;3;16265;239;9;83;2;pay as you go;active;25;783.1800;704.8620;128.3180;non-churn;684
8;complaints not received;34;3;7155;117;280;36;2;contractual;active;25;1587.2400;1428.5160;208.7240;non-churn;685
4;complaints not received;36;0;3908;83;11;31;2;pay as you go;active;25;229.0950;206.1855;72.9095;non-churn;686
5;complaints not received;35;0;1855;45;47;23;3;pay as you go;non-active;30;264.0000;237.6000;76.4000;non-churn;687
8;complaints not received;36;0;2970;54;184;26;2;pay as you go;active;25;964.0800;867.6720;146.4080;non-churn;688
6;complaints received;27;1;1505;37;202;14;2;contractual;active;25;978.3900;880.5510;147.8390;churn;689
6;complaints not received;26;0;1758;40;39;71;4;pay as you go;active;45;142.4500;128.2050;64.2450;non-churn;690
13;complaints not received;27;0;890;26;19;10;2;pay as you go;non-active;25;126.7200;114.0480;62.6720;non-churn;691
2;complaints not received;26;0;1015;11;30;6;4;pay as you go;non-active;45;100.6500;90.5850;60.0650;non-churn;692
12;complaints not received;25;0;1415;33;28;16;2;pay as you go;active;25;191.1600;172.0440;69.1160;non-churn;693
4;complaints not received;25;0;3415;62;17;26;3;pay as you go;active;30;207.0800;186.3720;70.7080;non-churn;694
4;complaints not received;18;0;1885;27;37;17;2;pay as you go;active;25;252.5400;227.2860;75.2540;non-churn;695
18;complaints not received;17;1;6582;142;94;45;2;contractual;active;25;725.5800;653.0220;122.5580;non-churn;696
14;complaints not received;15;0;9122;172;82;43;4;pay as you go;active;45;437.3500;393.6150;93.7350;non-churn;697
10;complaints not received;16;3;3042;46;40;22;3;pay as you go;active;30;283.5200;255.1680;78.3520;non-churn;698
4;complaints not received;9;1;4580;41;224;13;3;pay as you go;active;30;1080.8400;972.7560;158.0840;non-churn;699
5;complaints not received;9;1;1677;20;9;10;3;pay as you go;active;30;103.8800;93.4920;60.3880;churn;700
6;complaints not received;38;0;4180;70;0;14;3;pay as you go;active;30;170.0000;153.0000;67.0000;non-churn;701
0;complaints not received;39;0;128;4;0;1;2;pay as you go;non-active;25;5.9400;5.3460;60.0000;non-churn;702
8;complaints not received;37;0;2263;59;350;21;3;pay as you go;active;30;1492.8800;1343.5920;199.2880;non-churn;703
8;complaints not received;38;0;4008;65;0;32;1;pay as you go;active;15;224.0150;201.6135;72.4015;non-churn;704
1;complaints not received;38;0;2203;57;0;30;1;pay as you go;active;15;124.3000;111.8700;62.4300;non-churn;705
9;complaints not received;38;1;3585;81;23;25;3;pay as you go;active;30;238.6400;214.7760;73.8640;non-churn;706
2;complaints not received;38;0;2170;38;276;15;3;pay as you go;active;30;1192.3200;1073.0880;169.2320;non-churn;707
11;complaints not received;37;2;8925;120;135;40;3;pay as you go;active;30;901.8000;811.6200;140.1800;non-churn;708
5;complaints not received;38;0;13583;168;0;41;3;pay as you go;active;30;550.0400;495.0360;105.0040;non-churn;709
5;complaints not received;38;1;4325;82;0;22;3;pay as you go;active;30;176.2800;158.6520;67.6280;non-churn;710
4;complaints not received;38;0;5728;94;0;9;3;pay as you go;active;30;232.8800;209.5920;73.2880;non-churn;711
7;complaints not received;38;0;2048;53;0;14;3;pay as you go;non-active;30;84.0400;75.6360;60.0000;non-churn;712
23;complaints not received;38;3;14950;224;45;29;3;pay as you go;active;30;786.9600;708.2640;128.6960;non-churn;713
2;complaints not received;38;1;2905;26;474;5;3;pay as you go;active;30;2013.2400;1811.9160;251.3240;non-churn;714
7;complaints not received;37;0;15295;181;141;27;2;pay as you go;active;25;1330.9200;1197.8280;183.0920;non-churn;715
1;complaints not received;37;1;6310;85;177;23;3;pay as you go;active;30;963.8000;867.4200;146.3800;non-churn;716
0;complaints not received;37;0;685;13;0;8;2;pay as you go;non-active;25;31.4100;28.2690;60.0000;non-churn;717
0;complaints not received;38;0;520;13;4;5;3;pay as you go;non-active;30;37.3200;33.5880;60.0000;non-churn;718
1;complaints not received;37;0;7318;126;375;40;2;pay as you go;active;25;2022.4800;1820.2320;252.2480;non-churn;720
5;complaints not received;37;1;11275;153;2;44;4;pay as you go;active;45;290.7000;261.6300;79.0700;non-churn;721
6;complaints not received;37;1;6528;74;99;34;2;pay as you go;active;25;742.5900;668.3310;124.2590;non-churn;722
21;complaints not received;33;0;765;46;7;14;2;pay as you go;non-active;25;67.9950;61.1955;60.0000;churn;723
19;complaints not received;36;8;10245;92;0;39;5;contractual;active;55;155.0550;139.5495;65.5055;non-churn;724
11;complaints not received;36;1;5628;97;17;21;2;pay as you go;active;25;334.1250;300.7125;83.4125;churn;725
0;complaints not received;34;0;2650;21;0;11;3;pay as you go;active;30;106.8400;96.1560;60.6840;non-churn;726
7;complaints received;35;0;2800;40;0;13;3;pay as you go;non-active;30;113.6000;102.2400;61.3600;churn;727
7;complaints not received;36;0;2078;43;25;28;3;pay as you go;non-active;30;184.8400;166.3560;68.4840;churn;728
0;complaints not received;36;0;0;0;0;0;3;pay as you go;non-active;30;0.0000;0.0000;60.0000;churn;729
0;complaints not received;36;0;1478;24;0;3;3;pay as you go;active;30;60.0800;54.0720;60.0000;non-churn;730
1;complaints not received;33;1;6595;96;5;19;5;pay as you go;active;55;107.8650;97.0785;60.7865;non-churn;731
0;complaints not received;36;0;438;6;0;1;4;pay as you go;non-active;45;11.1000;9.9900;60.0000;churn;732
0;complaints not received;36;1;0;0;0;0;5;pay as you go;active;55;0.0000;0.0000;60.0000;non-churn;733
23;complaints not received;31;3;15885;237;0;77;2;pay as you go;active;25;725.4900;652.9410;122.5490;non-churn;734
4;complaints not received;34;3;6775;115;262;30;2;contractual;active;25;1489.0500;1340.1450;198.9050;non-churn;735
0;complaints not received;36;0;3528;81;0;25;2;pay as you go;active;25;162.4050;146.1645;66.2405;non-churn;736
1;complaints not received;35;0;1475;43;29;17;3;pay as you go;non-active;30;176.7200;159.0480;67.6720;non-churn;737
4;complaints not received;36;0;2590;52;166;20;2;pay as you go;active;25;865.8900;779.3010;136.5890;non-churn;738
2;complaints not received;27;1;1125;35;184;8;2;contractual;active;25;880.2000;792.1800;138.0200;non-churn;739
2;complaints not received;26;0;1378;38;21;65;4;pay as you go;active;45;87.9000;79.1100;60.0000;non-churn;740
9;complaints not received;27;0;510;24;1;4;2;pay as you go;non-active;25;28.5300;25.6770;60.0000;non-churn;741
0;complaints not received;26;0;635;9;12;1;4;pay as you go;non-active;45;46.1000;41.4900;60.0000;non-churn;742
8;complaints not received;25;0;1035;31;10;10;2;pay as you go;active;25;92.9700;83.6730;60.0000;non-churn;743
0;complaints not received;25;0;3035;60;0;20;3;pay as you go;active;30;123.8000;111.4200;62.3800;non-churn;744
0;complaints not received;18;0;1505;25;19;11;2;pay as you go;active;25;154.3500;138.9150;65.4350;non-churn;745
14;complaints not received;17;1;6202;140;76;39;2;contractual;active;25;627.3900;564.6510;112.7390;non-churn;746
10;complaints not received;15;0;8742;170;64;37;4;pay as you go;active;45;382.8000;344.5200;88.2800;non-churn;747
6;complaints not received;16;3;2662;44;22;16;3;pay as you go;active;30;196.2400;176.6160;69.6240;non-churn;748
0;complaints not received;9;1;4200;39;206;7;3;pay as you go;active;30;993.5600;894.2040;149.3560;non-churn;749
1;complaints not received;9;1;1297;18;0;4;3;pay as you go;active;30;52.6000;47.3400;60.0000;churn;750
6;complaints not received;33;0;4370;65;0;16;2;pay as you go;active;25;199.5750;179.6175;69.9575;non-churn;751
0;complaints not received;34;0;318;4;0;3;2;pay as you go;non-active;25;14.4900;13.0410;60.0000;non-churn;752
8;complaints not received;32;0;2453;54;351;23;2;pay as you go;active;25;1692.3150;1523.0835;219.2315;non-churn;753
8;complaints not received;33;0;4198;60;0;34;1;pay as you go;active;15;234.1900;210.7710;73.4190;non-churn;754
1;complaints not received;33;0;2393;52;0;32;1;pay as you go;active;15;134.4750;121.0275;63.4475;non-churn;755
9;complaints not received;33;0;3775;76;24;27;2;pay as you go;active;25;281.2950;253.1655;78.1295;non-churn;756
2;complaints not received;33;0;2360;33;277;17;3;pay as you go;active;30;1203.7200;1083.3480;170.3720;non-churn;757
11;complaints not received;32;1;9115;115;136;42;3;pay as you go;active;30;913.2000;821.8800;141.3200;non-churn;758
5;complaints not received;33;0;13773;163;0;43;3;pay as you go;active;30;557.4400;501.6960;105.7440;non-churn;759
5;complaints not received;33;0;4515;77;0;24;3;pay as you go;active;30;183.6800;165.3120;68.3680;non-churn;760
4;complaints not received;33;0;5918;89;0;11;2;pay as you go;active;25;270.3150;243.2835;77.0315;non-churn;761
7;complaints received;33;0;2238;48;0;16;3;pay as you go;non-active;30;91.4400;82.2960;60.0000;non-churn;762
23;complaints not received;33;2;15140;219;46;31;3;pay as you go;active;30;798.3600;718.5240;129.8360;non-churn;763
2;complaints not received;33;0;3095;21;475;7;3;pay as you go;active;30;2024.6400;1822.1760;252.4640;non-churn;764
7;complaints not received;32;0;15485;176;142;29;2;pay as you go;active;25;1343.7450;1209.3705;184.3745;non-churn;765
1;complaints not received;32;0;6500;80;178;25;3;pay as you go;active;30;975.2000;877.6800;147.5200;non-churn;766
0;complaints not received;32;0;875;8;0;10;2;pay as you go;non-active;25;39.7350;35.7615;60.0000;non-churn;767
0;complaints not received;33;0;710;8;5;7;2;pay as you go;non-active;25;54.8100;49.3290;60.0000;non-churn;768
1;complaints not received;32;0;7508;121;376;42;2;pay as you go;active;25;2035.3050;1831.7745;253.5305;non-churn;770
5;complaints not received;32;0;11465;148;3;46;3;pay as you go;active;30;476.5200;428.8680;97.6520;non-churn;771
6;complaints not received;32;0;6718;69;100;36;2;pay as you go;active;25;755.4150;679.8735;125.5415;non-churn;772
21;complaints received;28;0;955;41;8;16;2;pay as you go;non-active;25;80.8200;72.7380;60.0000;churn;773
19;complaints not received;31;7;10435;87;0;41;4;pay as you go;active;45;263.0500;236.7450;76.3050;non-churn;774
11;complaints not received;31;0;5818;92;18;23;2;pay as you go;active;25;346.9500;312.2550;84.6950;churn;775
0;complaints not received;29;0;2840;16;0;13;3;pay as you go;active;30;114.2400;102.8160;61.4240;non-churn;776
7;complaints received;30;0;2990;35;1;15;2;pay as you go;non-active;25;140.6250;126.5625;64.0625;churn;777
7;complaints received;31;0;2268;38;26;30;3;pay as you go;non-active;30;196.2400;176.6160;69.6240;churn;778
0;complaints received;31;0;0;0;0;0;2;pay as you go;non-active;25;0.0000;0.0000;60.0000;churn;779
0;complaints not received;31;0;1668;19;0;5;3;pay as you go;active;30;67.4800;60.7320;60.0000;non-churn;780
1;complaints not received;28;0;6785;91;6;21;4;pay as you go;active;45;186.9000;168.2100;68.6900;non-churn;781
0;complaints not received;31;0;628;1;1;3;4;pay as you go;non-active;45;18.2250;16.4025;60.0000;churn;782
0;complaints not received;31;0;338;5;0;1;4;pay as you go;active;45;8.5750;7.7175;60.0000;non-churn;783
23;complaints not received;26;2;16075;232;0;79;2;pay as you go;active;25;733.8150;660.4335;123.3815;non-churn;784
4;complaints not received;29;2;6965;110;263;32;2;contractual;active;25;1501.8750;1351.6875;200.1875;non-churn;785
0;complaints not received;31;0;3718;76;0;27;2;pay as you go;active;25;170.7300;153.6570;67.0730;non-churn;786
1;complaints not received;30;0;1665;38;30;19;3;pay as you go;non-active;30;188.1200;169.3080;68.8120;non-churn;787
4;complaints not received;31;0;2780;47;167;22;2;pay as you go;active;25;878.7150;790.8435;137.8715;non-churn;788
2;complaints not received;22;0;1315;30;185;10;2;contractual;active;25;893.0250;803.7225;139.3025;non-churn;789
2;complaints not received;21;0;1568;33;22;67;4;pay as you go;active;45;95.0250;85.5225;60.0000;non-churn;790
9;complaints not received;22;0;700;19;2;6;2;pay as you go;non-active;25;41.3550;37.2195;60.0000;non-churn;791
0;complaints not received;21;0;825;4;13;2;4;pay as you go;non-active;45;53.2250;47.9025;60.0000;non-churn;792
8;complaints not received;20;0;1225;26;11;12;2;pay as you go;active;25;105.7950;95.2155;60.5795;non-churn;793
0;complaints not received;20;0;3225;55;0;22;3;pay as you go;active;30;131.2000;118.0800;63.1200;non-churn;794
0;complaints not received;13;0;1695;20;20;13;2;pay as you go;active;25;167.1750;150.4575;66.7175;non-churn;795
14;complaints not received;12;0;6392;135;77;41;1;contractual;active;15;782.4850;704.2365;128.2485;non-churn;796
10;complaints not received;10;0;8932;165;65;39;4;pay as you go;active;45;389.9250;350.9325;88.9925;non-churn;797
6;complaints not received;11;2;2852;39;23;18;3;pay as you go;active;30;207.6400;186.8760;70.7640;non-churn;798
0;complaints not received;4;0;4390;34;207;9;3;pay as you go;active;30;1004.9600;904.4640;150.4960;non-churn;799
1;complaints not received;4;0;1487;13;0;6;2;pay as you go;active;25;67.5000;60.7500;60.0000;churn;800
10;complaints not received;43;1;4370;77;13;18;3;pay as you go;active;30;229.8800;206.8920;72.9880;non-churn;801
2;complaints not received;44;0;318;11;15;5;3;pay as you go;non-active;30;73.1600;65.8440;60.0000;non-churn;802
12;complaints not received;42;1;2453;66;367;25;3;pay as you go;active;30;1568.7600;1411.8840;206.8760;non-churn;803
12;complaints not received;43;1;4198;72;9;36;1;pay as you go;active;15;284.3500;255.9150;78.4350;non-churn;804
5;complaints not received;43;1;2393;64;10;34;2;pay as you go;active;25;155.5650;140.0085;65.5565;non-churn;805
13;complaints not received;43;2;3775;88;40;29;3;pay as you go;active;30;314.5200;283.0680;81.4520;non-churn;806
6;complaints not received;43;1;2360;45;293;19;4;pay as you go;active;45;792.6250;713.3625;129.2625;non-churn;807
15;complaints not received;42;3;9115;127;152;44;3;pay as you go;active;30;977.6800;879.9120;147.7680;non-churn;808
9;complaints not received;43;1;13773;175;8;45;3;pay as you go;active;30;589.9200;530.9280;108.9920;non-churn;809
9;complaints not received;43;2;4515;89;10;26;3;pay as you go;active;30;224.1600;201.7440;72.4160;non-churn;810
8;complaints not received;43;1;5918;101;15;13;3;pay as you go;active;30;300.7600;270.6840;80.0760;non-churn;811
11;complaints received;43;0;2238;60;16;18;3;pay as you go;non-active;30;155.9200;140.3280;65.5920;non-churn;812
27;complaints not received;43;4;15140;231;62;33;3;pay as you go;active;30;862.8400;776.5560;136.2840;non-churn;813
6;complaints not received;43;2;3095;33;491;9;4;pay as you go;active;45;1305.7000;1175.1300;180.5700;non-churn;814
11;complaints not received;42;1;15485;188;158;31;2;pay as you go;active;25;1416.2850;1274.6565;191.6285;non-churn;815
5;complaints not received;42;2;6500;92;194;27;3;pay as you go;active;30;1039.6800;935.7120;153.9680;non-churn;816
2;complaints not received;42;0;875;20;8;12;2;pay as you go;non-active;25;76.2750;68.6475;60.0000;non-churn;817
4;complaints not received;43;0;710;20;21;9;3;pay as you go;non-active;30;113.2000;101.8800;61.3200;non-churn;818
0;complaints not received;42;0;0;0;8;0;2;pay as you go;non-active;25;36.0000;32.4000;60.0000;churn;819
5;complaints not received;42;1;7508;133;392;44;3;pay as you go;active;30;1873.6400;1686.2760;237.3640;non-churn;820
9;complaints not received;42;2;11465;160;19;48;4;pay as you go;active;45;338.1250;304.3125;83.8125;non-churn;821
10;complaints not received;42;2;6718;81;116;38;2;pay as you go;active;25;827.9550;745.1595;132.7955;non-churn;822
25;complaints received;38;0;955;53;24;18;3;pay as you go;non-active;30;136.3200;122.6880;63.6320;churn;823
23;complaints not received;41;9;10435;99;9;43;5;contractual;active;55;171.5100;154.3590;67.1510;non-churn;824
15;complaints not received;41;2;5818;104;34;25;3;pay as you go;active;30;372.8800;335.5920;87.2880;non-churn;825
3;complaints not received;39;1;2840;28;8;15;3;pay as you go;active;30;146.7200;132.0480;64.6720;non-churn;826
11;complaints not received;40;0;2990;47;17;17;3;pay as you go;non-active;30;189.4800;170.5320;68.9480;churn;827
11;complaints received;41;0;2268;50;42;32;4;pay as you go;non-active;45;162.9500;146.6550;66.2950;churn;828
2;complaints not received;41;0;133;8;8;3;3;pay as you go;non-active;30;37.6400;33.8760;60.0000;churn;829
3;complaints not received;41;1;1668;31;8;7;4;pay as you go;active;45;62.4750;56.2275;60.0000;non-churn;830
5;complaints not received;38;2;6785;103;22;23;5;pay as you go;active;55;136.3200;122.6880;63.6320;non-churn;831
2;complaints not received;41;0;628;13;17;5;4;pay as you go;non-active;45;58.5250;52.6725;60.0000;churn;832
2;complaints not received;41;2;338;10;12;3;5;pay as you go;active;55;23.2200;20.8980;60.0000;non-churn;833
27;complaints not received;36;4;16075;244;8;81;2;pay as you go;active;25;770.3550;693.3195;127.0355;non-churn;834
8;complaints not received;39;4;6965;122;279;34;3;contractual;active;30;1399.4800;1259.5320;189.9480;non-churn;835
4;complaints not received;41;1;3718;88;10;29;3;pay as you go;active;30;192.2400;173.0160;69.2240;non-churn;836
5;complaints not received;40;0;1665;50;46;21;4;pay as you go;non-active;45;157.8750;142.0875;65.7875;non-churn;837
8;complaints not received;41;1;2780;59;183;24;2;pay as you go;active;25;951.2550;856.1295;145.1255;non-churn;838
6;complaints received;32;2;1315;42;201;12;3;contractual;active;30;858.2800;772.4520;135.8280;churn;839
6;complaints not received;31;1;1568;45;38;69;5;pay as you go;active;55;81.1950;73.0755;60.0000;non-churn;840
13;complaints not received;32;0;700;31;18;8;3;pay as you go;non-active;30;101.2400;91.1160;60.1240;non-churn;841
2;complaints not received;31;0;825;16;29;4;4;pay as you go;non-active;45;93.5250;84.1725;60.0000;non-churn;842
12;complaints not received;30;1;1225;38;27;14;2;pay as you go;active;25;178.3350;160.5015;67.8335;non-churn;843
4;complaints not received;30;1;3225;67;16;24;3;pay as you go;active;30;195.6800;176.1120;69.5680;non-churn;844
4;complaints not received;23;1;1695;32;36;15;3;pay as you go;active;30;213.0800;191.7720;71.3080;non-churn;845
18;complaints not received;22;2;6392;147;93;43;2;contractual;active;25;712.7550;641.4795;121.2755;non-churn;846
14;complaints not received;20;1;8932;177;81;41;5;pay as you go;active;55;258.1350;232.3215;75.8135;non-churn;847
10;complaints not received;21;4;2852;51;39;20;3;pay as you go;active;30;272.1200;244.9080;77.2120;non-churn;848
4;complaints not received;14;2;4390;46;223;11;3;pay as you go;active;30;1069.4400;962.4960;156.9440;non-churn;849
5;complaints received;14;2;1487;25;8;8;3;pay as you go;active;30;92.4800;83.2320;60.0000;churn;850
14;complaints not received;39;1;5080;82;30;17;3;pay as you go;active;30;326.4800;293.8320;82.6480;non-churn;851
6;complaints not received;40;0;1028;16;15;4;3;pay as you go;non-active;30;101.7600;91.5840;60.1760;non-churn;852
16;complaints not received;38;1;3163;71;367;24;3;pay as you go;active;30;1597.3600;1437.6240;209.7360;non-churn;853
16;complaints not received;39;1;4908;77;9;35;1;pay as you go;active;15;323.6750;291.3075;82.3675;non-churn;854
9;complaints not received;39;1;3103;69;10;33;2;pay as you go;active;25;187.7400;168.9660;68.7740;non-churn;855
17;complaints not received;39;2;4485;93;40;28;3;pay as you go;active;30;343.1200;308.8080;84.3120;non-churn;856
10;complaints not received;39;1;3070;50;293;18;3;pay as you go;active;30;1296.8000;1167.1200;179.6800;non-churn;857
19;complaints not received;38;3;9825;132;152;43;3;pay as you go;active;30;1006.2800;905.6520;150.6280;non-churn;858
13;complaints not received;39;1;14483;180;8;44;3;pay as you go;active;30;618.5200;556.6680;111.8520;non-churn;859
13;complaints not received;39;2;5225;94;10;25;3;pay as you go;active;30;252.7600;227.4840;75.2760;non-churn;860
12;complaints not received;39;1;6628;106;15;12;3;pay as you go;active;30;329.3600;296.4240;82.9360;non-churn;861
15;complaints not received;39;0;2948;65;16;17;3;pay as you go;non-active;30;184.5200;166.0680;68.4520;non-churn;862
31;complaints received;39;4;15850;236;62;32;3;pay as you go;active;30;891.4400;802.2960;139.1440;non-churn;863
10;complaints not received;39;2;3805;38;491;8;3;pay as you go;active;30;2117.7200;1905.9480;261.7720;non-churn;864
15;complaints not received;38;1;16195;193;158;30;2;pay as you go;active;25;1448.4600;1303.6140;194.8460;non-churn;865
9;complaints not received;38;2;7210;97;194;26;3;pay as you go;active;30;1068.2800;961.4520;156.8280;non-churn;866
6;complaints not received;38;0;1585;25;8;11;2;pay as you go;non-active;25;108.4500;97.6050;60.8450;non-churn;867
8;complaints not received;39;0;1420;25;21;8;3;pay as you go;non-active;30;141.8000;127.6200;64.1800;non-churn;868
6;complaints not received;38;0;710;11;8;2;2;pay as you go;non-active;25;68.4450;61.6005;60.0000;churn;869
9;complaints not received;38;1;8218;138;392;43;3;pay as you go;active;30;1902.2400;1712.0160;240.2240;non-churn;870
13;complaints not received;38;2;12175;165;19;47;4;pay as you go;active;45;356.0000;320.4000;85.6000;non-churn;871
14;complaints not received;38;2;7428;86;116;37;2;pay as you go;active;25;860.1300;774.1170;136.0130;non-churn;872
29;complaints received;34;0;1665;58;24;17;3;pay as you go;non-active;30;164.9200;148.4280;66.4920;churn;873
27;complaints not received;37;9;11145;104;9;42;5;contractual;active;55;182.2350;164.0115;68.2235;non-churn;874
19;complaints not received;37;2;6528;109;34;24;2;pay as you go;active;25;451.6650;406.4985;95.1665;non-churn;875
7;complaints not received;35;1;3550;33;8;14;3;pay as you go;active;30;175.3200;157.7880;67.5320;non-churn;876
15;complaints received;36;0;3700;52;17;16;3;pay as you go;non-active;30;218.0800;196.2720;71.8080;churn;877
15;complaints received;37;0;2978;55;42;31;3;pay as you go;non-active;30;289.3200;260.3880;78.9320;churn;878
6;complaints not received;37;0;843;13;8;2;3;pay as you go;non-active;30;66.2400;59.6160;60.0000;churn;879
7;complaints not received;37;1;2378;36;8;6;4;pay as you go;active;45;80.3500;72.3150;60.0000;non-churn;880
9;complaints not received;34;2;7495;108;22;22;5;pay as you go;active;55;147.0450;132.3405;64.7045;non-churn;881
6;complaints received;37;0;1338;18;17;4;4;pay as you go;non-active;45;76.4000;68.7600;60.0000;churn;882
6;complaints not received;37;2;1048;15;12;2;5;pay as you go;active;55;33.9450;30.5505;60.0000;non-churn;883
31;complaints received;32;4;16785;249;8;80;2;pay as you go;active;25;802.5300;722.2770;130.2530;non-churn;884
12;complaints received;35;4;7675;127;279;33;3;contractual;active;30;1428.0800;1285.2720;192.8080;non-churn;885
8;complaints not received;37;1;4428;93;10;28;3;pay as you go;active;30;220.8400;198.7560;72.0840;non-churn;886
9;complaints not received;36;0;2375;55;46;20;3;pay as you go;non-active;30;281.2000;253.0800;78.1200;non-churn;887
12;complaints not received;37;1;3490;64;183;23;2;pay as you go;active;25;983.4300;885.0870;148.3430;non-churn;888
10;complaints not received;28;2;2025;47;201;11;3;contractual;active;30;886.8800;798.1920;138.6880;non-churn;889
10;complaints not received;27;1;2278;50;38;68;4;pay as you go;active;45;153.2000;137.8800;65.3200;non-churn;890
17;complaints not received;28;0;1410;36;18;7;3;pay as you go;non-active;30;129.8400;116.8560;62.9840;non-churn;891
6;complaints not received;27;0;1535;21;29;3;4;pay as you go;non-active;45;111.4000;100.2600;61.1400;non-churn;892
16;complaints not received;26;1;1935;43;27;13;2;pay as you go;active;25;210.5100;189.4590;71.0510;non-churn;893
8;complaints not received;26;1;3935;72;16;23;3;pay as you go;active;30;224.2800;201.8520;72.4280;non-churn;894
8;complaints not received;19;1;2405;37;36;14;2;pay as you go;active;25;271.8900;244.7010;77.1890;non-churn;895
22;complaints not received;18;2;7102;152;93;42;2;contractual;active;25;744.9300;670.4370;124.4930;non-churn;896
18;complaints not received;16;1;9642;182;81;40;5;pay as you go;active;55;268.8600;241.9740;76.8860;non-churn;897
14;complaints not received;17;4;3562;56;39;19;3;contractual;active;30;300.7200;270.6480;80.0720;non-churn;898
8;complaints not received;10;2;5100;51;223;10;3;pay as you go;active;30;1098.0400;988.2360;159.8040;non-churn;899
9;complaints not received;10;2;2197;30;8;7;3;pay as you go;active;30;121.0800;108.9720;62.1080;churn;900
2;complaints not received;37;0;3660;60;0;17;2;pay as you go;active;25;167.4000;150.6600;66.7400;non-churn;901
0;complaints not received;38;0;0;0;0;0;2;pay as you go;non-active;25;0.0000;0.0000;60.0000;non-churn;902
4;complaints not received;36;0;1743;49;334;24;2;pay as you go;active;25;1583.6400;1425.2760;208.3640;non-churn;903
4;complaints not received;37;0;3488;55;0;35;1;pay as you go;active;15;194.8650;175.3785;69.4865;non-churn;904
0;complaints not received;37;0;1683;47;0;33;1;pay as you go;active;15;95.1500;85.6350;60.0000;non-churn;905
5;complaints not received;37;0;3065;71;7;28;3;pay as you go;active;30;153.4400;138.0960;65.3440;non-churn;906
0;complaints not received;37;0;1650;28;260;18;3;pay as you go;active;30;1107.1200;996.4080;160.7120;non-churn;907
7;complaints not received;36;1;8405;110;119;43;3;pay as you go;active;30;816.6000;734.9400;131.6600;non-churn;908
1;complaints not received;37;0;13063;158;0;44;3;pay as you go;active;30;528.8400;475.9560;102.8840;non-churn;909
1;complaints not received;37;0;3805;72;0;25;3;pay as you go;active;30;155.0800;139.5720;65.5080;non-churn;910
0;complaints not received;37;0;5208;84;0;12;2;pay as you go;active;25;238.1400;214.3260;73.8140;non-churn;911
3;complaints not received;37;0;1528;43;0;17;3;pay as you go;non-active;30;62.8400;56.5560;60.0000;non-churn;912
19;complaints not received;37;2;14430;214;29;32;3;pay as you go;active;30;701.7600;631.5840;120.1760;non-churn;913
0;complaints not received;37;0;2385;16;458;8;3;pay as you go;active;30;1928.0400;1735.2360;242.8040;non-churn;914
3;complaints not received;36;0;14775;171;125;30;2;pay as you go;active;25;1235.0700;1111.5630;173.5070;non-churn;915
0;complaints not received;36;0;5790;75;161;26;3;pay as you go;active;30;878.6000;790.7400;137.8600;non-churn;916
0;complaints not received;36;0;165;3;0;11;2;pay as you go;non-active;25;7.5600;6.8040;60.0000;non-churn;917
0;complaints not received;37;0;0;0;0;0;2;pay as you go;non-active;25;0.0000;0.0000;60.0000;non-churn;918
0;complaints not received;36;0;0;0;0;0;2;pay as you go;non-active;25;0.0000;0.0000;60.0000;churn;919
0;complaints not received;36;0;6798;116;359;43;2;pay as you go;active;25;1926.6300;1733.9670;242.6630;non-churn;920
1;complaints not received;36;0;10755;143;0;47;3;pay as you go;active;30;435.9200;392.3280;93.5920;non-churn;921
2;complaints not received;36;0;6008;64;83;37;2;pay as you go;active;25;646.7400;582.0660;114.6740;non-churn;922
17;complaints not received;32;0;245;36;0;17;2;pay as you go;non-active;25;12.6450;11.3805;60.0000;churn;923
15;complaints not received;35;7;9725;82;0;42;4;pay as you go;active;45;245.1750;220.6575;74.5175;non-churn;924
7;complaints not received;35;0;5108;87;1;24;2;pay as you go;active;25;238.2750;214.4475;73.8275;churn;925
0;complaints not received;33;0;2130;11;0;14;3;pay as you go;active;30;85.6400;77.0760;60.0000;non-churn;926
3;complaints received;34;0;2280;30;0;16;2;pay as you go;non-active;25;103.9500;93.5550;60.3950;churn;927
3;complaints not received;35;0;1558;33;9;31;3;pay as you go;non-active;30;99.6400;89.6760;60.0000;churn;928
0;complaints not received;35;0;0;0;0;0;3;pay as you go;non-active;30;0.0000;0.0000;60.0000;churn;929
0;complaints not received;35;0;958;14;0;6;3;pay as you go;active;30;38.8800;34.9920;60.0000;non-churn;930
0;complaints not received;32;0;6075;86;0;22;4;pay as you go;active;45;154.0250;138.6225;65.4025;non-churn;931
0;complaints not received;35;0;0;0;0;0;4;pay as you go;non-active;45;0.0000;0.0000;60.0000;churn;932
0;complaints not received;35;0;0;0;0;0;5;pay as you go;active;55;0.0000;0.0000;60.0000;non-churn;933
19;complaints not received;30;2;15365;227;0;80;2;pay as you go;active;25;701.6400;631.4760;120.1640;non-churn;934
0;complaints not received;33;2;6255;105;246;33;2;contractual;active;25;1393.2000;1253.8800;189.3200;non-churn;935
0;complaints not received;35;0;3008;71;0;28;2;pay as you go;active;25;138.5550;124.6995;63.8555;non-churn;936
0;complaints not received;34;0;955;33;13;20;3;pay as you go;non-active;30;91.5200;82.3680;60.0000;non-churn;937
0;complaints not received;35;0;2070;42;150;23;2;pay as you go;active;25;770.0400;693.0360;127.0040;non-churn;938
0;complaints not received;26;0;605;25;168;11;2;contractual;active;25;784.3500;705.9150;128.4350;non-churn;939
0;complaints not received;25;0;858;28;5;68;4;pay as you go;active;45;34.6500;31.1850;60.0000;non-churn;940
0;complaints not received;26;0;0;0;0;0;2;pay as you go;non-active;25;0.0000;0.0000;60.0000;non-churn;941
0;complaints not received;25;0;0;0;0;0;4;pay as you go;non-active;45;0.0000;0.0000;60.0000;non-churn;942
4;complaints not received;24;0;515;21;0;13;2;pay as you go;active;25;24.1200;21.7080;60.0000;non-churn;943
0;complaints not received;24;0;2515;50;0;23;3;pay as you go;active;30;102.6000;92.3400;60.2600;non-churn;944
0;complaints not received;17;0;985;15;3;14;2;pay as you go;active;25;58.5000;52.6500;60.0000;non-churn;945
10;complaints not received;16;0;5682;130;60;42;1;contractual;active;15;649.6600;584.6940;114.9660;non-churn;946
6;complaints not received;14;0;8222;160;48;40;4;pay as you go;active;45;329.5500;296.5950;82.9550;non-churn;947
2;complaints not received;15;2;2142;34;6;19;3;pay as you go;active;30;111.0400;99.9360;61.1040;non-churn;948
0;complaints not received;8;0;3680;29;190;10;3;pay as you go;active;30;908.3600;817.5240;140.8360;non-churn;949
0;complaints not received;8;0;777;8;0;7;3;pay as you go;active;30;31.4000;28.2600;60.0000;churn;950
0;complaints not received;39;0;318;5;7;4;2;pay as you go;non-active;25;46.0350;41.4315;60.0000;non-churn;952
4;complaints not received;38;0;2360;39;285;18;3;pay as you go;active;30;1235.9600;1112.3640;173.5960;non-churn;957
6;complaints not received;38;0;5918;95;7;12;3;pay as you go;active;30;268.5200;241.6680;76.8520;non-churn;961
9;complaints received;38;0;2238;54;8;17;3;pay as you go;non-active;30;123.6800;111.3120;62.3680;non-churn;962
25;complaints not received;38;3;15140;225;54;32;3;pay as you go;active;30;830.6000;747.5400;133.0600;non-churn;963
0;complaints not received;37;0;875;14;0;11;2;pay as you go;non-active;25;40.0050;36.0045;60.0000;non-churn;967
23;complaints not received;33;0;955;47;16;17;2;pay as you go;non-active;25;117.0900;105.3810;61.7090;churn;973
21;complaints received;36;8;10435;93;1;42;5;pay as you go;active;55;159.4200;143.4780;65.9420;non-churn;974
13;complaints not received;36;1;5818;98;26;24;2;pay as you go;active;25;383.2200;344.8980;88.3220;churn;975
9;complaints received;35;0;2990;41;9;16;3;pay as you go;non-active;30;157.2400;141.5160;65.7240;churn;977
0;complaints not received;36;1;338;4;4;2;5;pay as you go;active;55;11.1300;10.0170;60.0000;non-churn;983
25;complaints not received;31;3;16075;238;0;80;2;pay as you go;active;25;734.0850;660.6765;123.4085;non-churn;984
3;complaints not received;35;0;1665;44;38;20;3;pay as you go;non-active;30;220.3600;198.3240;72.0360;non-churn;987
4;complaints received;27;1;1315;36;193;11;2;contractual;active;25;929.2950;836.3655;142.9295;churn;989
0;complaints not received;26;0;825;10;21;3;4;pay as you go;non-active;45;73.3750;66.0375;60.0000;non-churn;992
10;complaints not received;25;0;1225;32;19;13;2;pay as you go;active;25;142.0650;127.8585;64.2065;non-churn;993
2;complaints not received;18;0;1695;26;28;14;2;pay as you go;active;25;203.4450;183.1005;70.3445;non-churn;995
16;complaints not received;17;1;6392;141;85;42;2;contractual;active;25;676.4850;608.8365;117.6485;non-churn;996
8;complaints not received;16;3;2852;45;31;19;3;pay as you go;active;30;239.8800;215.8920;73.9880;non-churn;998
3;complaints not received;9;1;1487;19;0;7;3;pay as you go;active;30;60.2400;54.2160;60.0000;churn;1000
8;complaints not received;38;0;4370;71;5;17;3;pay as you go;active;30;197.6400;177.8760;69.7640;non-churn;1001
10;complaints not received;38;0;4198;66;1;35;1;pay as you go;active;15;240.0200;216.0180;74.0020;non-churn;1004
3;complaints not received;38;0;2393;58;2;33;1;pay as you go;active;15;145.8050;131.2245;64.5805;non-churn;1005
7;complaints not received;38;1;4515;83;2;25;3;pay as you go;active;30;191.9200;172.7280;69.1920;non-churn;1010
0;complaints not received;37;0;0;0;0;0;2;pay as you go;non-active;25;0.0000;0.0000;60.0000;churn;1019
7;complaints not received;37;1;11465;154;11;47;4;pay as you go;active;45;317.9750;286.1775;81.7975;non-churn;1021
8;complaints not received;37;1;6718;75;108;37;2;pay as you go;active;25;791.6850;712.5165;129.1685;non-churn;1022
23;complaints received;33;0;955;47;16;17;2;pay as you go;non-active;25;117.0900;105.3810;61.7090;churn;1023
21;complaints not received;36;8;10435;93;1;42;5;pay as you go;active;55;159.4200;143.4780;65.9420;non-churn;1024
1;complaints not received;34;0;2840;22;0;14;3;pay as you go;active;30;114.4800;103.0320;61.4480;non-churn;1026
9;complaints not received;35;0;2990;41;9;16;3;pay as you go;non-active;30;157.2400;141.5160;65.7240;churn;1027
9;complaints not received;36;0;2268;44;34;31;3;pay as you go;non-active;30;228.4800;205.6320;72.8480;churn;1028
0;complaints not received;36;0;628;7;9;4;4;pay as you go;non-active;45;38.3750;34.5375;60.0000;churn;1032
25;complaints received;31;3;16075;238;0;80;2;pay as you go;active;25;734.0850;660.6765;123.4085;non-churn;1034
4;complaints not received;27;1;1315;36;193;11;2;contractual;active;25;929.2950;836.3655;142.9295;non-churn;1039
11;complaints not received;27;0;700;25;10;7;2;pay as you go;non-active;25;77.6250;69.8625;60.0000;non-churn;1041
12;complaints not received;15;0;8932;171;73;40;4;pay as you go;active;45;410.0750;369.0675;91.0075;non-churn;1047
2;complaints not received;9;1;4390;40;215;10;3;pay as you go;active;30;1037.2000;933.4800;153.7200;non-churn;1049
3;complaints received;9;1;1487;19;0;7;3;pay as you go;active;30;60.2400;54.2160;60.0000;churn;1050
0;complaints not received;36;0;2088;52;0;31;1;pay as you go;active;15;117.7000;105.9300;61.7700;non-churn;1055
6;complaints not received;36;0;3470;76;25;26;2;pay as you go;active;25;272.0700;244.8630;77.2070;non-churn;1056
8;complaints not received;35;1;8810;115;137;41;3;pay as you go;active;30;905.0000;814.5000;140.5000;non-churn;1058
2;complaints not received;36;0;13468;163;0;42;3;pay as you go;active;30;545.2400;490.7160;104.5240;non-churn;1059
2;complaints not received;36;0;4210;77;0;23;3;pay as you go;active;30;171.4800;154.3320;67.1480;non-churn;1060
4;complaints not received;36;0;1933;48;1;15;3;pay as you go;non-active;30;83.2400;74.9160;60.0000;non-churn;1062
4;complaints not received;35;0;15180;176;143;28;2;pay as you go;active;25;1334.5200;1201.0680;183.4520;non-churn;1065
0;complaints not received;35;0;570;8;0;9;2;pay as you go;non-active;25;26.0100;23.4090;60.0000;non-churn;1067
0;complaints not received;36;0;405;8;6;6;2;pay as you go;non-active;25;45.5850;41.0265;60.0000;non-churn;1068
8;complaints received;34;0;5513;92;19;22;2;pay as you go;active;25;337.7250;303.9525;83.7725;churn;1075
4;complaints not received;33;0;2685;35;2;14;2;pay as you go;non-active;25;131.4000;118.2600;63.1400;churn;1077
4;complaints not received;34;0;1963;38;27;29;3;pay as you go;non-active;30;188.0400;169.2360;68.8040;churn;1078
0;complaints not received;34;0;323;1;2;2;4;pay as you go;non-active;45;13.1000;11.7900;60.0000;churn;1082
1;complaints not received;34;0;2475;47;168;21;2;pay as you go;active;25;869.4900;782.5410;136.9490;non-churn;1088
0;complaints received;25;0;1010;30;186;9;2;contractual;active;25;883.8000;795.4200;138.3800;churn;1089
11;complaints not received;15;0;6088;135;78;40;1;contractual;active;15;771.2650;694.1385;127.1265;non-churn;1096
7;complaints not received;13;0;8628;165;66;38;4;pay as you go;active;45;384.8250;346.3425;88.4825;non-churn;1097
3;complaints not received;14;2;2548;39;24;17;3;pay as you go;active;30;199.4800;179.5320;69.9480;non-churn;1098
0;complaints received;7;0;1183;13;0;5;2;pay as you go;non-active;25;53.8200;48.4380;60.0000;churn;1100
6;complaints not received;38;0;4125;68;3;17;2;pay as you go;active;25;202.1850;181.9665;70.2185;non-churn;1101
0;complaints not received;39;0;73;2;5;4;2;pay as you go;active;25;25.8750;23.2875;60.0000;non-churn;1102
8;complaints not received;37;0;2208;57;357;24;2;pay as you go;active;25;1708.4250;1537.5825;220.8425;non-churn;1103
8;complaints not received;38;0;3953;63;0;35;1;pay as you go;active;15;220.8800;198.7920;72.0880;non-churn;1104
1;complaints not received;38;0;2148;55;0;33;1;pay as you go;active;15;121.1650;109.0485;62.1165;non-churn;1105
9;complaints not received;38;1;3530;79;30;28;3;pay as you go;active;30;264.3600;237.9240;76.4360;non-churn;1106
2;complaints not received;38;0;2115;36;283;18;3;pay as you go;active;30;1218.0400;1096.2360;171.8040;non-churn;1107
11;complaints not received;37;2;8870;118;142;43;3;pay as you go;active;30;927.5200;834.7680;142.7520;non-churn;1108
5;complaints not received;38;0;13528;166;0;44;3;pay as you go;active;30;547.7600;492.9840;104.7760;non-churn;1109
5;complaints not received;38;1;4270;80;0;25;3;pay as you go;active;30;174.0000;156.6000;67.4000;non-churn;1110
4;complaints not received;38;0;5673;92;5;12;2;pay as you go;active;25;281.9250;253.7325;78.1925;non-churn;1111
7;complaints not received;38;0;1993;51;6;17;3;pay as you go;active;30;105.7600;95.1840;60.5760;non-churn;1112
23;complaints not received;38;3;14895;222;52;32;3;pay as you go;active;30;812.6800;731.4120;131.2680;non-churn;1113
2;complaints not received;38;1;2850;24;481;8;3;pay as you go;active;30;2038.9600;1835.0640;253.8960;non-churn;1114
7;complaints not received;37;0;15240;179;148;30;2;pay as you go;active;25;1359.8550;1223.8695;185.9855;non-churn;1115
1;complaints not received;37;1;6255;83;184;26;3;pay as you go;active;30;989.5200;890.5680;148.9520;non-churn;1116
0;complaints not received;37;0;630;11;0;11;2;pay as you go;active;25;28.8450;25.9605;60.0000;non-churn;1117
0;complaints not received;38;0;465;11;11;8;2;pay as you go;active;25;70.9200;63.8280;60.0000;non-churn;1118
0;complaints not received;37;0;0;0;0;0;2;pay as you go;active;25;0.0000;0.0000;60.0000;churn;1119
1;complaints not received;37;0;7263;124;382;43;2;pay as you go;active;25;2051.4150;1846.2735;255.1415;non-churn;1120
5;complaints not received;37;1;11220;151;9;47;3;pay as you go;active;30;490.8400;441.7560;99.0840;non-churn;1121
6;complaints not received;37;1;6473;72;106;37;2;pay as you go;active;25;771.5250;694.3725;127.1525;non-churn;1122
21;complaints received;33;0;710;44;14;17;2;pay as you go;active;25;96.9300;87.2370;60.0000;churn;1123
19;complaints not received;36;8;10190;90;0;42;4;pay as you go;active;45;257.0000;231.3000;75.7000;non-churn;1124
11;complaints received;36;1;5573;95;24;24;2;pay as you go;active;25;363.0600;326.7540;86.3060;churn;1125
0;complaints not received;34;0;2595;19;0;14;3;pay as you go;active;30;104.5600;94.1040;60.4560;non-churn;1126
7;complaints not received;35;0;2745;38;7;16;3;pay as you go;active;30;139.3200;125.3880;63.9320;churn;1127
7;complaints received;36;0;2023;41;32;31;3;pay as you go;active;30;210.5600;189.5040;71.0560;churn;1128
0;complaints not received;36;0;0;0;0;0;3;pay as you go;active;30;0.0000;0.0000;60.0000;churn;1129
0;complaints not received;36;0;1423;22;0;6;3;pay as you go;active;30;57.8000;52.0200;60.0000;non-churn;1130
1;complaints not received;33;1;6540;94;12;22;4;pay as you go;active;45;195.8500;176.2650;69.5850;non-churn;1131
0;complaints not received;36;0;383;4;7;4;4;pay as you go;active;45;27.1750;24.4575;60.0000;churn;1132
0;complaints not received;36;1;93;1;2;2;5;pay as you go;active;55;4.4100;3.9690;60.0000;non-churn;1133
23;complaints not received;31;3;15830;235;0;80;2;pay as you go;active;25;722.9250;650.6325;122.2925;non-churn;1134
4;complaints not received;34;3;6720;113;269;33;2;contractual;active;25;1517.9850;1366.1865;201.7985;non-churn;1135
0;complaints not received;36;0;3473;79;0;28;2;pay as you go;active;25;159.8400;143.8560;65.9840;non-churn;1136
1;complaints not received;35;0;1420;41;36;20;3;pay as you go;active;30;202.4400;182.1960;70.2440;non-churn;1137
4;complaints not received;36;0;2535;50;173;23;2;pay as you go;active;25;894.8250;805.3425;139.4825;non-churn;1138
2;complaints received;27;1;1070;33;191;11;2;contractual;active;25;909.1350;818.2215;140.9135;non-churn;1139
2;complaints not received;26;0;1323;36;28;68;4;pay as you go;active;45;103.9750;93.5775;60.3975;non-churn;1140
9;complaints not received;27;0;455;22;8;7;2;pay as you go;active;25;57.4650;51.7185;60.0000;non-churn;1141
0;complaints not received;26;0;580;7;19;3;4;pay as you go;active;45;62.1750;55.9575;60.0000;non-churn;1142
8;complaints not received;25;0;980;29;17;13;2;pay as you go;active;25;121.9050;109.7145;62.1905;non-churn;1143
0;complaints not received;25;0;2980;58;6;23;3;pay as you go;active;30;145.5200;130.9680;64.5520;non-churn;1144
0;complaints not received;18;0;1450;23;26;14;2;pay as you go;active;25;183.2850;164.9565;68.3285;non-churn;1145
14;complaints received;17;1;6148;138;83;42;1;contractual;active;15;802.2300;722.0070;130.2230;non-churn;1146
10;complaints not received;15;0;8688;168;71;40;4;pay as you go;active;45;398.9000;359.0100;89.8900;non-churn;1147
6;complaints not received;16;3;2608;42;29;19;3;pay as you go;active;30;222.0000;199.8000;72.2000;non-churn;1148
0;complaints not received;9;1;4145;37;213;10;3;pay as you go;active;30;1019.2800;917.3520;151.9280;non-churn;1149
1;complaints received;9;1;1243;16;0;7;3;pay as you go;active;30;50.3600;45.3240;60.0000;churn;1150
0;complaints not received;34;0;4005;62;0;13;2;pay as you go;active;25;183.0150;164.7135;68.3015;non-churn;1151
2;complaints not received;33;0;2088;51;347;20;2;pay as you go;active;25;1657.7550;1491.9795;215.7755;non-churn;1153
2;complaints not received;34;0;3833;57;0;31;2;pay as you go;active;25;175.0500;157.5450;67.5050;non-churn;1154
0;complaints not received;34;0;2028;49;0;29;1;pay as you go;active;15;114.2350;102.8115;61.4235;non-churn;1155
3;complaints not received;34;0;3410;73;20;24;2;pay as you go;active;25;246.7350;222.0615;74.6735;non-churn;1156
0;complaints not received;34;0;1995;30;273;14;3;pay as you go;active;30;1173.0000;1055.7000;167.3000;non-churn;1157
5;complaints not received;33;0;8750;112;132;39;3;pay as you go;active;30;882.4800;794.2320;138.2480;non-churn;1158
0;complaints not received;34;0;13408;160;0;40;3;pay as you go;active;30;542.7200;488.4480;104.2720;non-churn;1159
0;complaints not received;34;0;4150;74;0;21;3;pay as you go;active;30;168.9600;152.0640;66.8960;non-churn;1160
0;complaints not received;34;0;5553;86;0;8;2;pay as you go;active;25;253.7550;228.3795;75.3755;non-churn;1161
1;complaints not received;34;0;1873;45;0;13;3;pay as you go;non-active;30;76.7200;69.0480;60.0000;non-churn;1162
17;complaints not received;34;1;14775;216;42;28;2;pay as you go;active;25;863.5950;777.2355;136.3595;non-churn;1163
0;complaints not received;34;0;2730;18;471;4;3;pay as you go;active;30;1993.9200;1794.5280;249.3920;non-churn;1164
1;complaints not received;33;0;15120;173;138;26;2;pay as you go;active;25;1309.1850;1178.2665;180.9185;non-churn;1165
0;complaints not received;33;0;6135;77;174;22;3;pay as you go;active;30;944.4800;850.0320;144.4480;non-churn;1166
0;complaints not received;33;0;510;5;0;7;2;pay as you go;non-active;25;23.1750;20.8575;60.0000;non-churn;1167
0;complaints not received;34;0;345;5;1;4;2;pay as you go;non-active;25;20.2500;18.2250;60.0000;non-churn;1168
0;complaints not received;33;0;7143;118;372;39;2;pay as you go;active;25;2000.7450;1800.6705;250.0745;non-churn;1170
0;complaints not received;33;0;11100;145;0;43;3;pay as you go;active;30;449.8000;404.8200;94.9800;non-churn;1171
0;complaints not received;33;0;6353;66;96;33;2;pay as you go;active;25;720.8550;648.7695;122.0855;non-churn;1172
15;complaints not received;29;0;590;38;4;13;2;pay as you go;non-active;25;46.2600;41.6340;60.0000;churn;1173
13;complaints not received;32;6;10070;84;0;38;4;pay as you go;active;45;253.8500;228.4650;75.3850;non-churn;1174
5;complaints received;32;0;5453;89;14;20;2;pay as you go;active;25;312.3900;281.1510;81.2390;churn;1175
0;complaints not received;30;0;2475;13;0;10;3;pay as you go;active;30;99.5200;89.5680;60.0000;non-churn;1176
1;complaints received;31;0;2625;32;0;12;2;pay as you go;non-active;25;119.5650;107.6085;61.9565;churn;1177
1;complaints not received;32;0;1903;35;22;27;3;pay as you go;non-active;30;165.5200;148.9680;66.5520;churn;1178
0;complaints received;32;0;0;0;0;0;2;pay as you go;non-active;25;0.0000;0.0000;60.0000;churn;1179
0;complaints not received;32;0;1303;16;0;2;3;pay as you go;active;30;52.7600;47.4840;60.0000;non-churn;1180
0;complaints not received;29;0;6420;88;2;18;4;pay as you go;active;45;167.7000;150.9300;66.7700;non-churn;1181
0;complaints not received;32;0;263;1;0;1;3;pay as you go;non-active;30;10.5600;9.5040;60.0000;churn;1182
0;complaints not received;32;0;0;0;0;0;4;pay as you go;active;45;0.0000;0.0000;60.0000;non-churn;1183
17;complaints not received;27;1;15710;229;0;76;2;pay as you go;active;25;717.2550;645.5295;121.7255;non-churn;1184
0;complaints not received;30;1;6600;107;259;29;2;contractual;active;25;1467.3150;1320.5835;196.7315;non-churn;1185
0;complaints not received;32;0;3353;73;0;24;2;pay as you go;active;25;154.1700;138.7530;65.4170;non-churn;1186
0;complaints not received;31;0;1300;35;26;16;3;pay as you go;non-active;30;157.4000;141.6600;65.7400;non-churn;1187
0;complaints not received;32;0;2415;44;163;19;2;pay as you go;active;25;844.1550;759.7395;134.4155;non-churn;1188
0;complaints not received;23;0;950;27;181;7;2;contractual;active;25;858.4650;772.6185;135.8465;non-churn;1189
0;complaints not received;22;0;1203;30;18;64;4;pay as you go;active;45;75.8250;68.2425;60.0000;non-churn;1190
3;complaints not received;23;0;335;16;0;3;2;pay as you go;non-active;25;15.7950;14.2155;60.0000;non-churn;1191
0;complaints not received;22;0;0;0;9;0;4;pay as you go;non-active;45;22.5000;20.2500;60.0000;non-churn;1192
2;complaints not received;21;0;860;23;7;9;2;pay as you go;active;25;71.2350;64.1115;60.0000;non-churn;1193
0;complaints not received;21;0;2860;52;0;19;3;pay as you go;active;30;116.4800;104.8320;61.6480;non-churn;1194
0;complaints not received;14;0;1330;17;16;10;2;pay as you go;active;25;132.6150;119.3535;63.2615;non-churn;1195
8;complaints not received;13;0;6028;132;73;38;1;contractual;active;15;740.3000;666.2700;124.0300;non-churn;1196
4;complaints not received;11;0;8568;162;61;36;4;pay as you go;active;45;370.7500;333.6750;87.0750;non-churn;1197
0;complaints not received;12;1;2488;36;19;15;3;pay as you go;active;30;176.9600;159.2640;67.6960;non-churn;1198
0;complaints not received;5;0;4025;31;203;6;3;pay as you go;active;30;974.2400;876.8160;147.4240;non-churn;1199
0;complaints received;5;0;1123;10;0;3;2;pay as you go;non-active;25;50.9850;45.8865;60.0000;churn;1200
4;complaints not received;40;0;4145;67;8;19;2;pay as you go;active;25;225.5400;202.9860;72.5540;non-churn;1201
0;complaints not received;41;0;93;1;10;6;2;pay as you go;non-active;25;49.2300;44.3070;60.0000;non-churn;1202
6;complaints not received;39;0;2228;56;362;26;2;pay as you go;active;25;1731.7800;1558.6020;223.1780;non-churn;1203
6;complaints not received;40;0;3973;62;4;37;2;pay as you go;active;25;199.5750;179.6175;69.9575;non-churn;1204
0;complaints not received;40;0;2168;54;5;35;1;pay as you go;active;15;149.7100;134.7390;64.9710;non-churn;1205
7;complaints not received;40;1;3550;78;35;30;3;pay as you go;active;30;285.1200;256.6080;78.5120;non-churn;1206
0;complaints not received;40;0;2135;35;288;20;3;pay as you go;active;30;1238.8000;1114.9200;173.8800;non-churn;1207
9;complaints not received;39;2;8890;117;147;45;3;pay as you go;active;30;948.2800;853.4520;144.8280;non-churn;1208
3;complaints not received;40;0;13548;165;3;46;3;pay as you go;active;30;560.5200;504.4680;106.0520;non-churn;1209
3;complaints not received;40;1;4290;79;5;27;3;pay as you go;active;30;194.7600;175.2840;69.4760;non-churn;1210
2;complaints not received;40;0;5693;91;10;14;2;pay as you go;active;25;305.2800;274.7520;80.5280;non-churn;1211
5;complaints not received;40;0;2013;50;11;19;3;pay as you go;non-active;30;126.5200;113.8680;62.6520;non-churn;1212
21;complaints not received;40;3;14915;221;57;34;3;pay as you go;active;30;833.4400;750.0960;133.3440;non-churn;1213
0;complaints not received;40;1;2870;23;486;10;3;pay as you go;active;30;2059.7200;1853.7480;255.9720;non-churn;1214
5;complaints not received;39;0;15260;178;153;32;2;pay as you go;active;25;1383.2100;1244.8890;188.3210;non-churn;1215
0;complaints not received;39;1;6275;82;189;28;3;pay as you go;active;30;1010.2800;909.2520;151.0280;non-churn;1216
0;complaints not received;39;0;650;10;3;13;2;pay as you go;non-active;25;43.2000;38.8800;60.0000;non-churn;1217
0;complaints not received;40;0;485;10;16;10;2;pay as you go;non-active;25;94.2750;84.8475;60.0000;non-churn;1218
0;complaints not received;39;0;0;0;3;0;2;pay as you go;non-active;25;13.5000;12.1500;60.0000;churn;1219
0;complaints not received;39;0;7283;123;387;45;2;pay as you go;active;25;2074.7700;1867.2930;257.4770;non-churn;1220
3;complaints not received;39;1;11240;150;14;49;3;pay as you go;active;30;511.6000;460.4400;101.1600;non-churn;1221
4;complaints not received;39;1;6493;71;111;39;2;pay as you go;active;25;794.8800;715.3920;129.4880;non-churn;1222
19;complaints not received;35;0;730;43;19;19;2;pay as you go;non-active;25;120.2850;108.2565;62.0285;churn;1223
17;complaints not received;38;8;10210;89;4;44;4;contractual;active;45;267.4750;240.7275;76.7475;non-churn;1224
9;complaints not received;38;1;5593;94;29;26;2;pay as you go;active;25;386.4150;347.7735;88.6415;churn;1225
0;complaints not received;36;0;2615;18;3;16;3;pay as you go;active;30;117.3200;105.5880;61.7320;non-churn;1226
5;complaints received;37;0;2765;37;12;18;2;pay as you go;non-active;25;180.0900;162.0810;68.0090;churn;1227
5;complaints not received;38;0;2043;40;37;33;3;pay as you go;non-active;30;231.3200;208.1880;73.1320;churn;1228
0;complaints not received;38;0;0;0;3;0;3;pay as you go;non-active;30;12.0000;10.8000;60.0000;churn;1229
0;complaints not received;38;0;1443;21;3;8;3;pay as you go;active;30;70.5600;63.5040;60.0000;non-churn;1230
0;complaints not received;35;1;6560;93;17;24;4;pay as you go;active;45;208.8250;187.9425;70.8825;non-churn;1231
0;complaints received;38;0;403;3;12;6;4;pay as you go;non-active;45;40.1500;36.1350;60.0000;churn;1232
0;complaints not received;38;1;0;0;7;0;5;pay as you go;active;55;10.5000;9.4500;60.0000;non-churn;1233
21;complaints not received;33;3;15850;234;3;82;2;pay as you go;active;25;737.2800;663.5520;123.7280;non-churn;1234
2;complaints not received;36;3;6740;112;274;35;2;contractual;active;25;1541.3400;1387.2060;204.1340;non-churn;1235
0;complaints not received;38;0;3493;78;5;30;2;pay as you go;active;25;183.1950;164.8755;68.3195;non-churn;1236
0;complaints not received;37;0;1440;40;41;22;3;pay as you go;non-active;30;223.2000;200.8800;72.3200;non-churn;1237
2;complaints not received;38;0;2555;49;178;25;2;pay as you go;active;25;918.1800;826.3620;141.8180;non-churn;1238
0;complaints not received;29;1;1090;32;196;13;2;contractual;active;25;932.4900;839.2410;143.2490;non-churn;1239
0;complaints not received;28;0;1343;35;33;70;4;pay as you go;active;45;116.9500;105.2550;61.6950;non-churn;1240
7;complaints not received;29;0;475;21;13;9;2;pay as you go;non-active;25;80.8200;72.7380;60.0000;non-churn;1241
0;complaints not received;28;0;600;6;24;5;4;pay as you go;non-active;45;75.1500;67.6350;60.0000;non-churn;1242
6;complaints not received;27;0;1000;28;22;15;2;pay as you go;active;25;145.2600;130.7340;64.5260;non-churn;1243
0;complaints not received;27;0;3000;57;11;25;3;pay as you go;active;30;166.2800;149.6520;66.6280;non-churn;1244
0;complaints not received;20;0;1470;22;31;16;2;pay as you go;active;25;206.6400;185.9760;70.6640;non-churn;1245
12;complaints not received;19;1;6168;137;88;44;1;contractual;active;15;830.7750;747.6975;133.0775;non-churn;1246
8;complaints not received;17;0;8708;167;76;42;4;pay as you go;active;45;411.8750;370.6875;91.1875;non-churn;1247
4;complaints not received;18;3;2628;41;34;21;3;pay as you go;active;30;242.7600;218.4840;74.2760;non-churn;1248
0;complaints not received;11;1;4165;36;218;12;3;pay as you go;active;30;1040.0400;936.0360;154.0040;non-churn;1249
0;complaints received;11;1;1263;15;3;9;3;pay as you go;active;30;63.1200;56.8080;60.0000;churn;1250
2;complaints not received;32;0;3985;63;0;11;2;pay as you go;active;25;182.1600;163.9440;68.2160;non-churn;1251
4;complaints not received;31;0;2068;52;342;18;2;pay as you go;active;25;1634.4000;1470.9600;213.4400;non-churn;1253
4;complaints not received;32;0;3813;58;0;29;1;pay as you go;active;15;212.9050;191.6145;71.2905;non-churn;1254
0;complaints not received;32;0;2008;50;0;27;1;pay as you go;active;15;113.1900;101.8710;61.3190;non-churn;1255
5;complaints not received;32;0;3390;74;15;22;2;pay as you go;active;25;223.3800;201.0420;72.3380;non-churn;1256
0;complaints not received;32;0;1975;31;268;12;3;pay as you go;active;30;1152.2400;1037.0160;165.2240;non-churn;1257
7;complaints not received;31;0;8730;113;127;37;3;pay as you go;active;30;861.7200;775.5480;136.1720;non-churn;1258
1;complaints not received;32;0;13388;161;0;38;3;pay as you go;active;30;541.9600;487.7640;104.1960;non-churn;1259
1;complaints not received;32;0;4130;75;0;19;3;pay as you go;active;30;168.2000;151.3800;66.8200;non-churn;1260
0;complaints not received;32;0;5533;87;0;6;2;pay as you go;active;25;252.9000;227.6100;75.2900;non-churn;1261
3;complaints not received;32;0;1853;46;0;11;3;pay as you go;non-active;30;75.9600;68.3640;60.0000;non-churn;1262
19;complaints not received;32;1;14755;217;37;26;3;pay as you go;active;30;746.8800;672.1920;124.6880;non-churn;1263
0;complaints not received;32;0;2710;19;466;2;3;pay as you go;active;30;1973.1600;1775.8440;247.3160;non-churn;1264
3;complaints not received;31;0;15100;174;133;24;2;pay as you go;active;25;1285.8300;1157.2470;178.5830;non-churn;1265
0;complaints not received;31;0;6115;78;169;20;3;pay as you go;active;30;923.7200;831.3480;142.3720;non-churn;1266
0;complaints not received;31;0;490;6;0;5;2;pay as you go;non-active;25;22.3200;20.0880;60.0000;non-churn;1267
0;complaints not received;32;0;325;6;0;2;2;pay as you go;non-active;25;14.8950;13.4055;60.0000;non-churn;1268
0;complaints not received;31;0;0;0;0;0;2;pay as you go;non-active;25;0.0000;0.0000;60.0000;churn;1269
0;complaints not received;31;0;7123;119;367;37;2;pay as you go;active;25;1977.3900;1779.6510;247.7390;non-churn;1270
1;complaints not received;31;0;11080;146;0;41;3;pay as you go;active;30;449.0400;404.1360;94.9040;non-churn;1271
2;complaints not received;31;0;6333;67;91;31;2;pay as you go;active;25;697.5000;627.7500;119.7500;non-churn;1272
17;complaints not received;27;0;570;39;0;11;2;pay as you go;non-active;25;27.4050;24.6645;60.0000;churn;1273
15;complaints not received;30;6;10050;85;0;36;4;pay as you go;active;45;253.3750;228.0375;75.3375;non-churn;1274
7;complaints not received;30;0;5433;90;9;18;2;pay as you go;active;25;289.0350;260.1315;78.9035;churn;1275
0;complaints not received;28;0;2455;14;0;8;3;pay as you go;active;30;98.7600;88.8840;60.0000;non-churn;1276
3;complaints received;29;0;2605;33;0;10;2;pay as you go;non-active;25;118.7100;106.8390;61.8710;churn;1277
3;complaints not received;30;0;1883;36;17;25;3;pay as you go;non-active;30;144.7600;130.2840;64.4760;churn;1278
0;complaints not received;30;0;0;0;0;0;2;pay as you go;non-active;25;0.0000;0.0000;60.0000;churn;1279
0;complaints not received;30;0;1283;17;0;5;3;pay as you go;active;30;52.0000;46.8000;60.0000;non-churn;1280
0;complaints not received;27;0;6400;89;0;16;4;pay as you go;active;45;162.2250;146.0025;66.2225;non-churn;1281
0;complaints received;30;0;0;0;0;0;4;pay as you go;non-active;45;0.0000;0.0000;60.0000;churn;1282
0;complaints not received;30;0;0;0;0;0;4;pay as you go;active;45;0.0000;0.0000;60.0000;non-churn;1283
19;complaints not received;25;1;15690;230;0;74;2;pay as you go;active;25;716.4000;644.7600;121.6400;non-churn;1284
0;complaints not received;28;1;6580;108;254;27;2;contractual;active;25;1443.9600;1299.5640;194.3960;non-churn;1285
0;complaints not received;30;0;3333;74;0;22;2;pay as you go;active;25;153.3150;137.9835;65.3315;non-churn;1286
0;complaints not received;29;0;1280;36;21;14;3;pay as you go;non-active;30;136.6400;122.9760;63.6640;non-churn;1287
0;complaints not received;30;0;2395;45;158;17;2;pay as you go;active;25;820.8000;738.7200;132.0800;non-churn;1288
0;complaints not received;21;0;930;28;176;5;2;contractual;active;25;835.1100;751.5990;133.5110;non-churn;1289
0;complaints not received;20;0;1183;31;13;62;4;pay as you go;active;45;62.8500;56.5650;60.0000;non-churn;1290
5;complaints not received;21;0;315;17;0;1;2;pay as you go;non-active;25;14.9400;13.4460;60.0000;non-churn;1291
0;complaints not received;20;0;0;0;4;0;4;pay as you go;non-active;45;10.0000;9.0000;60.0000;non-churn;1292
4;complaints not received;19;0;840;24;2;7;2;pay as you go;active;25;47.8800;43.0920;60.0000;non-churn;1293
0;complaints not received;19;0;2840;53;0;17;3;pay as you go;active;30;115.7200;104.1480;61.5720;non-churn;1294
0;complaints not received;12;0;1310;18;11;8;2;pay as you go;active;25;109.2600;98.3340;60.9260;non-churn;1295
10;complaints not received;11;0;6008;133;68;36;1;contractual;active;15;711.7550;640.5795;121.1755;non-churn;1296
6;complaints not received;9;0;8548;163;56;34;4;pay as you go;active;45;357.7750;321.9975;85.7775;non-churn;1297
2;complaints not received;10;1;2468;37;14;13;3;pay as you go;active;30;156.2000;140.5800;65.6200;non-churn;1298
0;complaints not received;3;0;4005;32;198;4;3;pay as you go;active;30;953.4800;858.1320;145.3480;non-churn;1299
0;complaints not received;3;0;1103;11;0;1;2;pay as you go;active;25;50.1300;45.1170;60.0000;churn;1300
8;complaints not received;42;0;4325;75;13;21;3;pay as you go;active;30;228.0000;205.2000;72.8000;non-churn;1301
0;complaints not received;43;0;273;9;15;8;2;pay as you go;non-active;25;80.1900;72.1710;60.0000;non-churn;1302
10;complaints not received;41;0;2408;64;367;28;3;pay as you go;active;30;1566.8800;1410.1920;206.6880;non-churn;1303
10;complaints not received;42;0;4153;70;9;39;1;pay as you go;active;15;281.7650;253.5885;78.1765;non-churn;1304
3;complaints not received;42;0;2348;62;10;37;1;pay as you go;active;15;187.5500;168.7950;68.7550;non-churn;1305
11;complaints not received;42;1;3730;86;40;32;3;pay as you go;active;30;312.6400;281.3760;81.2640;non-churn;1306
4;complaints not received;42;0;2315;43;293;22;3;pay as you go;active;30;1266.3200;1139.6880;176.6320;non-churn;1307
13;complaints not received;41;2;9070;125;152;47;3;pay as you go;active;30;975.8000;878.2200;147.5800;non-churn;1308
7;complaints not received;42;0;13728;173;8;48;3;pay as you go;active;30;588.0400;529.2360;108.8040;non-churn;1309
7;complaints not received;42;1;4470;87;10;29;3;pay as you go;active;30;222.2800;200.0520;72.2280;non-churn;1310
6;complaints not received;42;0;5873;99;15;16;3;pay as you go;active;30;298.8800;268.9920;79.8880;non-churn;1311
9;complaints received;42;0;2193;58;16;21;3;pay as you go;non-active;30;154.0400;138.6360;65.4040;non-churn;1312
25;complaints not received;42;3;15095;229;62;36;3;pay as you go;active;30;860.9600;774.8640;136.0960;non-churn;1313
4;complaints not received;42;1;3050;31;491;12;3;pay as you go;active;30;2087.2400;1878.5160;258.7240;non-churn;1314
9;complaints not received;41;0;15440;186;158;34;2;pay as you go;active;25;1414.1700;1272.7530;191.4170;non-churn;1315
3;complaints not received;41;1;6455;90;194;30;3;pay as you go;active;30;1037.8000;934.0200;153.7800;non-churn;1316
0;complaints not received;41;0;830;18;8;15;2;pay as you go;non-active;25;74.1600;66.7440;60.0000;non-churn;1317
2;complaints not received;42;0;665;18;21;12;3;pay as you go;non-active;30;111.3200;100.1880;61.1320;non-churn;1318
0;complaints not received;41;0;0;0;8;0;2;pay as you go;non-active;25;36.0000;32.4000;60.0000;churn;1319
3;complaints not received;41;0;7463;131;392;47;2;pay as you go;active;25;2105.7300;1895.1570;260.5730;non-churn;1320
7;complaints not received;41;1;11420;158;19;51;4;pay as you go;active;45;336.9500;303.2550;83.6950;non-churn;1321
8;complaints not received;41;1;6673;79;116;41;2;pay as you go;active;25;825.8400;743.2560;132.5840;non-churn;1322
23;complaints received;37;0;910;51;24;21;2;pay as you go;non-active;25;151.2450;136.1205;65.1245;churn;1323
21;complaints received;40;8;10390;97;9;46;5;contractual;active;55;170.8050;153.7245;67.0805;non-churn;1324
13;complaints not received;40;1;5773;102;34;28;2;pay as you go;active;25;417.3750;375.6375;91.7375;non-churn;1325
1;complaints not received;38;0;2795;26;8;18;3;pay as you go;active;30;144.8400;130.3560;64.4840;non-churn;1326
9;complaints received;39;0;2945;45;17;20;3;pay as you go;non-active;30;187.6000;168.8400;68.7600;churn;1327
9;complaints not received;40;0;2223;48;42;35;3;pay as you go;non-active;30;258.8400;232.9560;75.8840;churn;1328
0;complaints not received;40;0;88;6;8;6;3;pay as you go;non-active;30;35.7600;32.1840;60.0000;churn;1329
1;complaints not received;40;0;1623;29;8;10;3;pay as you go;active;30;98.0800;88.2720;60.0000;non-churn;1330
3;complaints not received;37;1;6740;101;22;26;5;pay as you go;active;55;135.6150;122.0535;63.5615;non-churn;1331
0;complaints received;40;0;583;11;17;8;4;pay as you go;non-active;45;57.3500;51.6150;60.0000;churn;1332
0;complaints not received;40;1;293;8;12;6;5;pay as you go;active;55;22.5150;20.2635;60.0000;non-churn;1333
25;complaints not received;35;3;16030;242;8;84;2;pay as you go;active;25;768.2400;691.4160;126.8240;non-churn;1334
6;complaints not received;38;3;6920;120;279;37;2;contractual;active;25;1572.3000;1415.0700;207.2300;non-churn;1335
2;complaints not received;40;0;3673;86;10;32;2;pay as you go;active;25;214.1550;192.7395;71.4155;non-churn;1336
3;complaints not received;39;0;1620;48;46;24;3;pay as you go;non-active;30;250.7200;225.6480;75.0720;non-churn;1337
6;complaints not received;40;0;2735;57;183;27;2;pay as you go;active;25;949.1400;854.2260;144.9140;non-churn;1338
4;complaints not received;31;1;1270;40;201;15;2;contractual;active;25;963.4500;867.1050;146.3450;non-churn;1339
4;complaints not received;30;0;1523;43;38;72;4;pay as you go;active;45;134.1500;120.7350;63.4150;non-churn;1340
11;complaints not received;31;0;655;29;18;11;2;pay as you go;non-active;25;111.7800;100.6020;61.1780;non-churn;1341
0;complaints not received;30;0;780;14;29;7;4;pay as you go;non-active;45;92.3500;83.1150;60.0000;non-churn;1342
10;complaints not received;29;0;1180;36;27;17;2;pay as you go;active;25;176.2200;158.5980;67.6220;non-churn;1343
2;complaints not received;29;0;3180;65;16;27;3;pay as you go;active;30;193.8000;174.4200;69.3800;non-churn;1344
2;complaints not received;22;0;1650;30;36;18;2;pay as you go;active;25;237.6000;213.8400;73.7600;non-churn;1345
16;complaints not received;21;1;6348;145;93;46;2;contractual;active;25;710.6850;639.6165;121.0685;non-churn;1346
12;complaints not received;19;0;8888;175;81;44;4;pay as you go;active;45;429.0750;386.1675;92.9075;non-churn;1347
8;complaints not received;20;3;2808;49;39;23;3;pay as you go;active;30;270.2800;243.2520;77.0280;non-churn;1348
2;complaints not received;13;1;4345;44;223;14;3;pay as you go;active;30;1067.5600;960.8040;156.7560;non-churn;1349
3;complaints not received;13;1;1443;23;8;11;3;pay as you go;active;30;90.6400;81.5760;60.0000;churn;1350
0;complaints not received;30;0;3805;55;0;9;2;pay as you go;active;25;173.7000;156.3300;67.3700;non-churn;1351
0;complaints not received;31;0;0;0;0;0;2;pay as you go;non-active;25;0.0000;0.0000;60.0000;non-churn;1352
0;complaints not received;29;0;1888;44;337;16;2;pay as you go;active;25;1603.4400;1443.0960;210.3440;non-churn;1353
0;complaints not received;30;0;3633;50;0;27;1;pay as you go;active;15;202.5650;182.3085;70.2565;non-churn;1354
0;complaints not received;30;0;1828;42;0;25;1;pay as you go;active;15;102.8500;92.5650;60.2850;non-churn;1355
1;complaints not received;30;0;3210;66;10;20;2;pay as you go;active;25;192.4200;173.1780;69.2420;non-churn;1356
0;complaints not received;30;0;1795;23;263;10;3;pay as you go;active;30;1124.7200;1012.2480;162.4720;non-churn;1357
3;complaints not received;29;0;8550;105;122;35;3;pay as you go;active;30;834.2000;750.7800;133.4200;non-churn;1358
0;complaints not received;30;0;13208;153;0;36;3;pay as you go;active;30;534.4400;480.9960;103.4440;non-churn;1359
0;complaints not received;30;0;3950;67;0;17;3;pay as you go;active;30;160.6800;144.6120;66.0680;non-churn;1360
0;complaints not received;30;0;5353;79;0;4;2;pay as you go;active;25;244.4400;219.9960;74.4440;non-churn;1361
0;complaints not received;30;0;1673;38;0;9;3;pay as you go;non-active;30;68.4400;61.5960;60.0000;non-churn;1362
15;complaints not received;30;1;14575;209;32;24;2;pay as you go;active;25;809.2800;728.3520;130.9280;non-churn;1363
0;complaints not received;30;0;2530;11;461;7;3;pay as you go;active;30;1945.6400;1751.0760;244.5640;non-churn;1364
0;complaints not received;29;0;14920;166;128;22;2;pay as you go;active;25;1254.8700;1129.3830;175.4870;non-churn;1365
0;complaints not received;29;0;5935;70;164;18;3;pay as you go;active;30;896.2000;806.5800;139.6200;non-churn;1366
0;complaints not received;29;0;0;0;0;0;2;pay as you go;non-active;25;0.0000;0.0000;60.0000;non-churn;1367
0;complaints not received;30;0;0;0;0;0;2;pay as you go;non-active;25;0.0000;0.0000;60.0000;non-churn;1368
0;complaints not received;29;0;0;0;0;0;2;pay as you go;non-active;25;0.0000;0.0000;60.0000;churn;1369
0;complaints not received;29;0;6943;111;362;35;2;pay as you go;active;25;1946.4300;1751.7870;244.6430;non-churn;1370
0;complaints not received;29;0;10900;138;0;39;3;pay as you go;active;30;441.5200;397.3680;94.1520;non-churn;1371
0;complaints not received;29;0;6153;59;86;29;2;pay as you go;active;25;666.5400;599.8860;116.6540;non-churn;1372
13;complaints received;25;0;390;31;0;9;2;pay as you go;non-active;25;18.9450;17.0505;60.0000;churn;1373
11;complaints not received;28;6;9870;77;0;34;4;contractual;active;45;248.6750;223.8075;74.8675;non-churn;1374
3;complaints not received;28;0;5253;82;4;16;2;pay as you go;active;25;258.0750;232.2675;75.8075;churn;1375
0;complaints not received;26;0;2275;6;0;6;3;pay as you go;active;30;91.2400;82.1160;60.0000;non-churn;1376
0;complaints received;27;0;2425;25;0;8;2;pay as you go;non-active;25;110.2500;99.2250;61.0250;churn;1377
0;complaints received;28;0;1703;28;12;23;3;pay as you go;non-active;30;117.2400;105.5160;61.7240;churn;1378
0;complaints not received;28;0;0;0;0;0;2;pay as you go;non-active;25;0.0000;0.0000;60.0000;churn;1379
0;complaints not received;28;0;0;0;0;0;3;pay as you go;active;30;0.0000;0.0000;60.0000;non-churn;1380
0;complaints not received;25;0;6220;81;0;14;4;pay as you go;active;45;157.5250;141.7725;65.7525;non-churn;1381
0;complaints not received;28;0;0;0;0;0;3;pay as you go;non-active;30;0.0000;0.0000;60.0000;churn;1382
0;complaints received;28;0;0;0;0;0;4;pay as you go;active;45;0.0000;0.0000;60.0000;churn;1383
15;complaints not received;23;1;15510;222;0;72;2;pay as you go;active;25;707.9400;637.1460;120.7940;non-churn;1384
0;complaints not received;26;1;6400;100;249;25;2;contractual;active;25;1413.0000;1271.7000;191.3000;non-churn;1385
0;complaints not received;28;0;3153;66;0;20;2;pay as you go;active;25;144.8550;130.3695;64.4855;non-churn;1386
0;complaints not received;27;0;1100;28;16;12;3;pay as you go;non-active;30;109.1200;98.2080;60.9120;non-churn;1387
0;complaints not received;28;0;2215;37;153;15;2;pay as you go;active;25;789.8400;710.8560;128.9840;non-churn;1388
0;complaints not received;19;0;750;20;171;3;2;contractual;active;25;804.1500;723.7350;130.4150;non-churn;1389
0;complaints not received;18;0;1003;23;8;60;4;pay as you go;active;45;45.6500;41.0850;60.0000;non-churn;1390
0;complaints not received;19;0;0;0;0;0;2;pay as you go;non-active;25;0.0000;0.0000;60.0000;non-churn;1391
0;complaints not received;18;0;0;0;0;0;4;pay as you go;non-active;45;0.0000;0.0000;60.0000;non-churn;1392
0;complaints not received;17;0;660;16;0;5;2;pay as you go;active;25;30.4200;27.3780;60.0000;non-churn;1393
0;complaints not received;17;0;2660;45;0;15;3;pay as you go;active;30;108.2000;97.3800;60.8200;non-churn;1394
0;complaints not received;10;0;1130;10;6;6;2;pay as you go;active;25;78.3000;70.4700;60.0000;non-churn;1395
6;complaints not received;9;0;5828;125;63;34;1;contractual;active;15;673.9150;606.5235;117.3915;non-churn;1396
2;complaints not received;7;0;8368;155;51;32;4;pay as you go;active;45;340.5750;306.5175;84.0575;non-churn;1397
0;complaints not received;8;1;2288;29;9;11;3;pay as you go;active;30;128.6800;115.8120;62.8680;non-churn;1398
0;complaints not received;3;0;3825;24;193;2;2;pay as you go;active;25;1041.7050;937.5345;154.1705;non-churn;1399
0;complaints not received;3;0;0;0;0;0;2;pay as you go;active;25;0.0000;0.0000;60.0000;churn;1400
5;complaints not received;39;0;4245;73;9;20;2;pay as you go;active;25;234.8100;211.3290;73.4810;non-churn;1401
0;complaints not received;40;0;193;7;11;7;2;pay as you go;non-active;25;58.5000;52.6500;60.0000;non-churn;1402
7;complaints not received;38;0;2328;62;363;27;2;pay as you go;active;25;1741.0500;1566.9450;224.1050;non-churn;1403
7;complaints not received;39;0;4073;68;5;38;1;pay as you go;active;15;255.2550;229.7295;75.5255;non-churn;1404
0;complaints not received;39;0;2268;60;6;36;1;pay as you go;active;15;161.0400;144.9360;66.1040;non-churn;1405
8;complaints not received;39;0;3650;84;36;31;2;pay as you go;active;25;330.0300;297.0270;83.0030;non-churn;1406
1;complaints not received;39;0;2235;41;289;21;3;pay as you go;active;30;1247.0400;1122.3360;174.7040;non-churn;1407
10;complaints not received;38;1;8990;123;148;46;3;pay as you go;active;30;956.5200;860.8680;145.6520;non-churn;1408
4;complaints not received;39;0;13648;171;4;47;3;pay as you go;active;30;568.7600;511.8840;106.8760;non-churn;1409
4;complaints not received;39;0;4390;85;6;28;3;pay as you go;active;30;203.0000;182.7000;70.3000;non-churn;1410
3;complaints not received;39;0;5793;97;11;15;2;pay as you go;active;25;314.5500;283.0950;81.4550;non-churn;1411
6;complaints not received;39;0;2113;56;12;20;3;pay as you go;non-active;30;134.7600;121.2840;63.4760;non-churn;1412
22;complaints not received;39;2;15015;227;58;35;3;pay as you go;active;30;841.6800;757.5120;134.1680;non-churn;1413
1;complaints not received;39;0;2970;29;487;11;3;pay as you go;active;30;2067.9600;1861.1640;256.7960;non-churn;1414
6;complaints not received;38;0;15360;184;154;33;2;pay as you go;active;25;1392.4800;1253.2320;189.2480;non-churn;1415
0;complaints not received;38;0;6375;88;190;29;3;pay as you go;active;30;1018.5200;916.6680;151.8520;non-churn;1416
0;complaints not received;38;0;750;16;4;14;2;pay as you go;non-active;25;52.4700;47.2230;60.0000;non-churn;1417
0;complaints not received;39;0;585;16;17;11;2;pay as you go;non-active;25;103.5450;93.1905;60.3545;non-churn;1418
0;complaints not received;38;0;0;0;4;0;2;pay as you go;non-active;25;18.0000;16.2000;60.0000;churn;1419
0;complaints not received;38;0;7383;129;388;46;2;pay as you go;active;25;2084.0400;1875.6360;258.4040;non-churn;1420
4;complaints not received;38;0;11340;156;15;50;3;pay as you go;active;30;519.8400;467.8560;101.9840;non-churn;1421
5;complaints not received;38;0;6593;77;112;40;2;pay as you go;active;25;804.1500;723.7350;130.4150;non-churn;1422
20;complaints received;34;0;830;49;20;20;2;pay as you go;non-active;25;129.5550;116.5995;62.9555;churn;1423
18;complaints not received;37;7;10310;95;5;45;4;contractual;active;45;272.6250;245.3625;77.2625;non-churn;1424
10;complaints not received;37;0;5693;100;30;27;2;pay as you go;active;25;395.6850;356.1165;89.5685;churn;1425
0;complaints not received;35;0;2715;24;4;17;3;pay as you go;active;30;125.5600;113.0040;62.5560;non-churn;1426
6;complaints received;36;0;2865;43;13;19;2;pay as you go;non-active;25;189.3600;170.4240;68.9360;churn;1427
6;complaints received;37;0;2143;46;38;34;3;pay as you go;non-active;30;239.5600;215.6040;73.9560;churn;1428
0;complaints not received;37;0;8;4;4;5;3;pay as you go;non-active;30;16.4800;14.8320;60.0000;churn;1429
0;complaints not received;37;0;1543;27;4;9;3;pay as you go;active;30;78.8000;70.9200;60.0000;non-churn;1430
0;complaints not received;34;0;6660;99;18;25;4;pay as you go;active;45;213.9750;192.5775;71.3975;non-churn;1431
0;complaints received;37;0;503;9;13;7;4;pay as you go;non-active;45;45.3000;40.7700;60.0000;churn;1432
0;complaints not received;37;0;213;6;8;5;5;pay as you go;active;55;15.2850;13.7565;60.0000;non-churn;1433
22;complaints not received;32;2;15950;240;4;83;2;pay as you go;active;25;746.5500;671.8950;124.6550;non-churn;1434
3;complaints not received;35;2;6840;118;275;36;2;contractual;active;25;1550.6100;1395.5490;205.0610;non-churn;1435
0;complaints not received;37;0;3593;84;6;31;2;pay as you go;active;25;192.4650;173.2185;69.2465;non-churn;1436
0;complaints not received;36;0;1540;46;42;23;3;pay as you go;non-active;30;231.4400;208.2960;73.1440;non-churn;1437
3;complaints not received;37;0;2655;55;179;26;2;pay as you go;active;25;927.4500;834.7050;142.7450;non-churn;1438
1;complaints not received;28;0;1190;38;197;14;2;contractual;active;25;941.7600;847.5840;144.1760;non-churn;1439
1;complaints not received;27;0;1443;41;34;71;4;pay as you go;active;45;122.1000;109.8900;62.2100;non-churn;1440
8;complaints not received;28;0;575;27;14;10;2;pay as you go;non-active;25;90.0900;81.0810;60.0000;non-churn;1441
0;complaints not received;27;0;700;12;25;6;4;pay as you go;non-active;45;80.3000;72.2700;60.0000;non-churn;1442
7;complaints not received;26;0;1100;34;23;16;2;pay as you go;active;25;154.5300;139.0770;65.4530;non-churn;1443
0;complaints not received;26;0;3100;63;12;26;3;pay as you go;active;30;174.5200;157.0680;67.4520;non-churn;1444
0;complaints not received;19;0;1570;28;32;17;2;pay as you go;active;25;215.9100;194.3190;71.5910;non-churn;1445
13;complaints not received;18;0;6268;143;89;45;1;contractual;active;15;842.1050;757.8945;134.2105;non-churn;1446
9;complaints not received;16;0;8808;173;77;43;4;pay as you go;active;45;417.0250;375.3225;91.7025;non-churn;1447
5;complaints not received;17;2;2728;47;35;22;3;pay as you go;active;30;251.0000;225.9000;75.1000;non-churn;1448
0;complaints not received;10;0;4265;42;219;13;3;pay as you go;active;30;1048.2800;943.4520;154.8280;non-churn;1449
0;complaints received;10;0;1363;21;4;10;2;pay as you go;active;25;80.2800;72.2520;60.0000;churn;1450
1;complaints not received;33;0;3885;57;0;10;2;pay as you go;active;25;177.3900;159.6510;67.7390;non-churn;1451
3;complaints not received;32;0;1968;46;341;17;2;pay as you go;active;25;1625.1300;1462.6170;212.5130;non-churn;1453
3;complaints not received;33;0;3713;52;0;28;1;pay as you go;active;15;207.0750;186.3675;70.7075;non-churn;1454
0;complaints not received;33;0;1908;44;0;26;1;pay as you go;active;15;107.3600;96.6240;60.7360;non-churn;1455
4;complaints not received;33;0;3290;68;14;21;2;pay as you go;active;25;214.1100;192.6990;71.4110;non-churn;1456
0;complaints not received;33;0;1875;25;267;11;3;pay as you go;active;30;1144.0000;1029.6000;164.4000;non-churn;1457
6;complaints not received;32;1;8630;107;126;36;3;pay as you go;active;30;853.4800;768.1320;135.3480;non-churn;1458
0;complaints not received;33;0;13288;155;0;37;3;pay as you go;active;30;537.7200;483.9480;103.7720;non-churn;1459
0;complaints not received;33;0;4030;69;0;18;3;pay as you go;active;30;163.9600;147.5640;66.3960;non-churn;1460
0;complaints not received;33;0;5433;81;0;5;2;pay as you go;active;25;248.1300;223.3170;74.8130;non-churn;1461
2;complaints not received;33;0;1753;40;0;10;3;pay as you go;non-active;30;71.7200;64.5480;60.0000;non-churn;1462
18;complaints not received;33;2;14655;211;36;25;3;pay as you go;active;30;738.6400;664.7760;123.8640;non-churn;1463
0;complaints not received;33;0;2610;13;465;1;3;pay as you go;active;30;1964.9200;1768.4280;246.4920;non-churn;1464
2;complaints not received;32;0;15000;168;132;23;2;pay as you go;active;25;1276.5600;1148.9040;177.6560;non-churn;1465
0;complaints not received;32;0;6015;72;168;19;3;pay as you go;active;30;915.4800;823.9320;141.5480;non-churn;1466
0;complaints not received;32;0;0;0;0;0;2;pay as you go;non-active;25;0.0000;0.0000;60.0000;non-churn;1467
0;complaints not received;32;0;0;0;0;0;2;pay as you go;non-active;25;0.0000;0.0000;60.0000;churn;1469
0;complaints not received;32;0;7023;113;366;36;2;pay as you go;active;25;1968.1200;1771.3080;246.8120;non-churn;1470
0;complaints not received;32;0;10980;140;0;40;3;pay as you go;active;30;444.8000;400.3200;94.4800;non-churn;1471
1;complaints not received;32;0;6233;61;90;30;2;pay as you go;active;25;688.2300;619.4070;118.8230;non-churn;1472
16;complaints not received;28;0;470;33;0;10;2;pay as you go;non-active;25;22.6350;20.3715;60.0000;churn;1473
14;complaints not received;31;7;9950;79;0;35;4;pay as you go;active;45;250.7250;225.6525;75.0725;non-churn;1474
6;complaints received;31;0;5333;84;8;17;2;pay as you go;active;25;279.7650;251.7885;77.9765;churn;1475
0;complaints not received;29;0;2355;8;0;7;3;pay as you go;active;30;94.5200;85.0680;60.0000;non-churn;1476
2;complaints received;30;0;2505;27;0;9;2;pay as you go;non-active;25;113.9400;102.5460;61.3940;churn;1477
2;complaints not received;31;0;1783;30;16;24;3;pay as you go;non-active;30;136.5200;122.8680;63.6520;churn;1478
0;complaints not received;31;0;0;0;0;0;3;pay as you go;non-active;30;0.0000;0.0000;60.0000;churn;1479
0;complaints not received;31;0;0;0;0;0;3;pay as you go;active;30;0.0000;0.0000;60.0000;non-churn;1480
0;complaints not received;28;0;6300;83;0;15;4;pay as you go;active;45;159.5750;143.6175;65.9575;non-churn;1481
0;complaints not received;31;0;0;0;0;0;4;pay as you go;non-active;45;0.0000;0.0000;60.0000;churn;1482
0;complaints not received;31;0;0;0;0;0;5;pay as you go;active;55;0.0000;0.0000;60.0000;non-churn;1483
18;complaints not received;26;2;15590;224;0;73;2;pay as you go;active;25;711.6300;640.4670;121.1630;non-churn;1484
0;complaints not received;29;2;6480;102;253;26;2;contractual;active;25;1434.6900;1291.2210;193.4690;non-churn;1485
0;complaints not received;31;0;3233;68;0;21;2;pay as you go;active;25;148.5450;133.6905;64.8545;non-churn;1486
0;complaints not received;30;0;1180;30;20;13;3;pay as you go;non-active;30;128.4000;115.5600;62.8400;non-churn;1487
0;complaints not received;31;0;2295;39;157;16;2;pay as you go;active;25;811.5300;730.3770;131.1530;non-churn;1488
0;complaints not received;22;0;830;22;175;4;2;contractual;active;25;825.8400;743.2560;132.5840;non-churn;1489
0;complaints not received;21;0;1083;25;12;61;4;pay as you go;active;45;57.7000;51.9300;60.0000;non-churn;1490
4;complaints not received;22;0;215;11;0;3;2;pay as you go;non-active;25;10.1700;9.1530;60.0000;non-churn;1491
0;complaints not received;21;0;0;0;3;0;4;pay as you go;non-active;45;7.5000;6.7500;60.0000;non-churn;1492
3;complaints not received;20;0;740;18;1;6;2;pay as you go;active;25;38.6100;34.7490;60.0000;non-churn;1493
0;complaints not received;20;0;2740;47;0;16;3;pay as you go;active;30;111.4800;100.3320;61.1480;non-churn;1494
0;complaints not received;13;0;1210;12;10;7;2;pay as you go;active;25;99.9900;89.9910;60.0000;non-churn;1495
9;complaints not received;12;0;5908;127;67;35;1;contractual;active;15;700.4250;630.3825;120.0425;non-churn;1496
5;complaints not received;10;0;8448;157;55;33;4;pay as you go;active;45;352.6250;317.3625;85.2625;non-churn;1497
1;complaints not received;11;2;2368;31;13;12;3;pay as you go;active;30;147.9600;133.1640;64.7960;non-churn;1498
0;complaints not received;4;0;3905;26;197;3;3;pay as you go;active;30;945.2400;850.7160;144.5240;non-churn;1499
0;complaints not received;4;0;1003;5;0;4;2;pay as you go;active;25;45.3600;40.8240;60.0000;churn;1500
7;complaints not received;36;1;4665;75;19;30;2;pay as you go;active;25;298.8000;268.9200;79.8800;non-churn;1501
0;complaints not received;37;0;613;9;21;17;2;pay as you go;non-active;25;122.4900;110.2410;62.2490;non-churn;1502
9;complaints not received;35;1;2748;64;373;37;2;pay as you go;active;25;1805.0400;1624.5360;230.5040;non-churn;1503
9;complaints not received;36;1;4493;70;15;48;1;pay as you go;active;15;333.4650;300.1185;83.3465;non-churn;1504
2;complaints not received;36;1;2688;62;16;46;1;pay as you go;active;15;239.2500;215.3250;73.9250;non-churn;1505
10;complaints not received;36;2;4070;86;46;41;3;pay as you go;active;30;350.2400;315.2160;85.0240;non-churn;1506
3;complaints not received;36;1;2655;43;299;31;3;pay as you go;active;30;1303.9200;1173.5280;180.3920;non-churn;1507
12;complaints not received;35;3;9410;125;158;56;3;pay as you go;active;30;1013.4000;912.0600;151.3400;non-churn;1508
6;complaints not received;36;1;14068;173;14;57;3;pay as you go;active;30;625.6400;563.0760;112.5640;non-churn;1509
6;complaints not received;36;2;4810;87;16;38;3;pay as you go;active;30;259.8800;233.8920;75.9880;non-churn;1510
5;complaints not received;36;1;6213;99;21;25;2;pay as you go;active;25;378.5400;340.6860;87.8540;non-churn;1511
8;complaints not received;36;0;2533;58;22;30;3;pay as you go;non-active;30;191.6400;172.4760;69.1640;non-churn;1512
24;complaints not received;36;4;15435;229;68;45;3;contractual;active;30;898.5600;808.7040;139.8560;non-churn;1513
3;complaints not received;36;2;3390;31;497;21;3;pay as you go;active;30;2124.8400;1912.3560;262.4840;non-churn;1514
8;complaints not received;35;1;15780;186;164;43;2;pay as you go;active;25;1456.4700;1310.8230;195.6470;non-churn;1515
2;complaints not received;35;2;6795;90;200;39;3;pay as you go;active;30;1075.4000;967.8600;157.5400;non-churn;1516
0;complaints not received;35;0;1170;18;14;24;2;pay as you go;non-active;25;116.4600;104.8140;61.6460;non-churn;1517
1;complaints not received;36;0;1005;18;27;21;2;pay as you go;non-active;25;167.5350;150.7815;66.7535;non-churn;1518
0;complaints received;35;0;295;4;14;13;2;pay as you go;non-active;25;76.4550;68.8095;60.0000;churn;1519
2;complaints not received;35;1;7803;131;398;56;2;pay as you go;active;25;2148.0300;1933.2270;264.8030;non-churn;1520
6;complaints not received;35;2;11760;158;25;60;3;pay as you go;active;30;576.7200;519.0480;107.6720;non-churn;1521
7;complaints not received;35;2;7013;79;122;50;2;pay as you go;active;25;868.1400;781.3260;136.8140;non-churn;1522
22;complaints not received;31;0;1250;51;30;30;2;pay as you go;non-active;25;193.5450;174.1905;69.3545;churn;1523
20;complaints not received;34;9;10730;97;15;55;4;pay as you go;active;45;308.1750;277.3575;80.8175;non-churn;1524
12;complaints not received;34;2;6113;102;40;37;2;pay as you go;active;25;459.6750;413.7075;95.9675;non-churn;1525
0;complaints not received;32;1;3135;26;14;27;3;pay as you go;active;30;182.4400;164.1960;68.2440;non-churn;1526
8;complaints not received;33;0;3285;45;23;29;2;pay as you go;non-active;25;253.3500;228.0150;75.3350;churn;1527
8;complaints received;34;0;2563;48;48;44;3;pay as you go;non-active;30;296.4400;266.7960;79.6440;churn;1528
0;complaints not received;34;0;428;6;14;15;3;pay as you go;non-active;30;73.3600;66.0240;60.0000;churn;1529
0;complaints not received;34;1;1963;29;14;19;3;pay as you go;active;30;135.6800;122.1120;63.5680;non-churn;1530
2;complaints not received;31;2;7080;101;28;35;4;pay as you go;active;45;249.5250;224.5725;74.9525;non-churn;1531
0;complaints not received;34;0;923;11;23;17;4;pay as you go;non-active;45;80.8500;72.7650;60.0000;churn;1532
0;complaints not received;34;2;633;8;18;15;5;pay as you go;active;55;36.6150;32.9535;60.0000;non-churn;1533
24;complaints not received;29;4;16370;242;14;93;2;pay as you go;active;25;810.5400;729.4860;131.0540;non-churn;1534
5;complaints not received;32;4;7260;120;285;46;2;contractual;active;25;1614.6000;1453.1400;211.4600;non-churn;1535
1;complaints not received;34;1;4013;86;16;41;2;pay as you go;active;25;256.4550;230.8095;75.6455;non-churn;1536
2;complaints received;33;0;1960;48;52;33;3;pay as you go;non-active;30;288.3200;259.4880;78.8320;churn;1537
5;complaints not received;34;1;3075;57;189;36;2;pay as you go;active;25;991.4400;892.2960;149.1440;non-churn;1538
3;complaints not received;25;2;1610;40;207;24;2;contractual;active;25;1005.7500;905.1750;150.5750;non-churn;1539
3;complaints not received;24;1;1863;43;44;81;4;pay as you go;active;45;157.6500;141.8850;65.7650;non-churn;1540
10;complaints not received;25;0;995;29;24;20;2;pay as you go;non-active;25;154.0800;138.6720;65.4080;non-churn;1541
0;complaints not received;24;0;1120;14;35;16;4;pay as you go;non-active;45;115.8500;104.2650;61.5850;non-churn;1542
9;complaints not received;23;1;1520;36;33;26;2;pay as you go;active;25;218.5200;196.6680;71.8520;non-churn;1543
1;complaints not received;23;1;3520;65;22;36;3;pay as you go;active;30;231.4000;208.2600;73.1400;non-churn;1544
1;complaints not received;16;1;1990;30;42;27;2;pay as you go;active;25;279.9000;251.9100;77.9900;non-churn;1545
15;complaints not received;15;2;6688;145;99;55;1;contractual;active;15;920.3150;828.2835;142.0315;non-churn;1546
11;complaints not received;13;1;9228;175;87;53;4;pay as you go;active;45;452.5750;407.3175;95.2575;non-churn;1547
7;complaints not received;14;4;3148;49;45;32;3;pay as you go;active;30;307.8800;277.0920;80.7880;non-churn;1548
1;complaints not received;7;2;4685;44;229;23;3;pay as you go;active;30;1105.1600;994.6440;160.5160;non-churn;1549
2;complaints received;7;2;1783;23;14;20;3;pay as you go;active;30;128.2400;115.4160;62.8240;churn;1550
0;complaints not received;36;0;3465;55;0;10;2;pay as you go;active;25;158.4000;142.5600;65.8400;non-churn;1551
1;complaints not received;35;0;1548;44;331;7;2;pay as you go;active;25;1561.1400;1405.0260;206.1140;non-churn;1553
1;complaints not received;36;0;3293;50;0;18;1;pay as you go;active;15;183.8650;165.4785;68.3865;non-churn;1554
0;complaints not received;36;0;1488;42;0;16;1;pay as you go;active;15;84.1500;75.7350;60.0000;non-churn;1555
2;complaints not received;36;0;2870;66;4;11;2;pay as you go;active;25;150.1200;135.1080;65.0120;non-churn;1556
0;complaints not received;36;0;1455;23;257;1;3;pay as you go;active;30;1087.1200;978.4080;158.7120;non-churn;1557
4;complaints not received;35;0;8210;105;116;26;3;pay as you go;active;30;796.6000;716.9400;129.6600;non-churn;1558
0;complaints not received;36;0;12868;153;0;27;3;pay as you go;active;30;520.8400;468.7560;102.0840;non-churn;1559
0;complaints not received;36;0;3610;67;0;8;3;pay as you go;active;30;147.0800;132.3720;64.7080;non-churn;1560
0;complaints not received;36;0;5013;79;0;13;2;pay as you go;active;25;229.1400;206.2260;72.9140;non-churn;1561
0;complaints not received;36;0;1333;38;0;4;3;pay as you go;non-active;30;54.8400;49.3560;60.0000;non-churn;1562
16;complaints not received;36;0;14235;209;26;15;3;pay as you go;active;30;681.7600;613.5840;118.1760;non-churn;1563
0;complaints not received;36;0;2190;11;455;5;3;pay as you go;active;30;1908.0400;1717.2360;240.8040;non-churn;1564
0;complaints not received;35;0;14580;166;122;13;2;pay as you go;active;25;1212.5700;1091.3130;171.2570;non-churn;1565
0;complaints not received;35;0;5595;70;158;9;3;pay as you go;active;30;858.6000;772.7400;135.8600;non-churn;1566
0;complaints not received;35;0;0;0;0;0;2;pay as you go;non-active;25;0.0000;0.0000;60.0000;churn;1569
0;complaints not received;35;0;6603;111;356;26;2;pay as you go;active;25;1904.1300;1713.7170;240.4130;non-churn;1570
0;complaints not received;35;0;10560;138;0;30;3;pay as you go;active;30;427.9200;385.1280;92.7920;non-churn;1571
0;complaints not received;35;0;5813;59;80;20;2;pay as you go;active;25;624.2400;561.8160;112.4240;non-churn;1572
7;complaints not received;31;0;50;2;0;1;2;pay as you go;non-active;25;2.3400;2.1060;60.0000;churn;1573
12;complaints not received;34;5;9530;77;0;25;4;pay as you go;active;45;240.1750;216.1575;74.0175;non-churn;1574
4;complaints not received;34;0;4913;82;0;7;2;pay as you go;active;25;224.7750;202.2975;72.4775;churn;1575
0;complaints not received;32;0;1935;6;0;2;3;pay as you go;active;30;77.6400;69.8760;60.0000;non-churn;1576
0;complaints not received;33;0;2085;25;0;9;2;pay as you go;non-active;25;94.9500;85.4550;60.0000;churn;1577
0;complaints received;34;0;1363;28;6;14;3;pay as you go;non-active;30;79.6400;71.6760;60.0000;churn;1578
0;complaints not received;34;0;0;0;0;0;2;pay as you go;non-active;25;0.0000;0.0000;60.0000;churn;1579
0;complaints not received;34;0;0;0;0;0;3;pay as you go;active;30;0.0000;0.0000;60.0000;non-churn;1580
0;complaints not received;31;0;5880;81;0;5;4;pay as you go;active;45;149.0250;134.1225;64.9025;non-churn;1581
0;complaints received;34;0;0;0;0;0;4;pay as you go;non-active;45;0.0000;0.0000;60.0000;churn;1582
0;complaints not received;34;0;0;0;0;0;4;pay as you go;active;45;0.0000;0.0000;60.0000;non-churn;1583
16;complaints not received;29;0;15170;222;0;63;2;pay as you go;active;25;692.6400;623.3760;119.2640;non-churn;1584
0;complaints not received;32;0;6060;100;243;16;2;contractual;active;25;1370.7000;1233.6300;187.0700;non-churn;1585
0;complaints not received;34;0;2813;66;0;11;2;pay as you go;active;25;129.5550;116.5995;62.9555;non-churn;1586
0;complaints not received;33;0;760;28;10;3;3;pay as you go;non-active;30;71.5200;64.3680;60.0000;non-churn;1587
0;complaints not received;34;0;1875;37;147;6;2;pay as you go;active;25;747.5400;672.7860;124.7540;non-churn;1588
0;complaints not received;25;0;1903;20;165;8;2;contractual;active;25;829.0350;746.1315;132.9035;non-churn;1589
0;complaints not received;24;0;663;23;2;51;4;pay as you go;active;45;22.1500;19.9350;60.0000;non-churn;1590
0;complaints not received;25;0;0;0;0;0;2;pay as you go;non-active;25;0.0000;0.0000;60.0000;non-churn;1591
0;complaints not received;24;0;0;0;0;0;4;pay as you go;non-active;45;0.0000;0.0000;60.0000;non-churn;1592
0;complaints not received;23;0;0;0;0;0;2;pay as you go;active;25;0.0000;0.0000;60.0000;non-churn;1593
0;complaints not received;23;0;2320;45;0;6;3;pay as you go;active;30;94.6000;85.1400;60.0000;non-churn;1594
0;complaints not received;16;0;0;0;0;0;2;pay as you go;active;25;0.0000;0.0000;60.0000;non-churn;1595
7;complaints not received;15;0;5488;125;57;25;1;contractual;active;15;622.2150;559.9935;112.2215;non-churn;1596
3;complaints not received;13;0;8028;155;45;23;4;pay as you go;active;45;317.0750;285.3675;81.7075;non-churn;1597
0;complaints not received;14;0;1948;29;3;2;3;pay as you go;active;30;91.0800;81.9720;60.0000;non-churn;1598
0;complaints not received;7;0;3485;24;187;21;3;pay as you go;active;30;888.3600;799.5240;138.8360;non-churn;1599
0;complaints not received;7;0;0;0;0;0;2;pay as you go;active;25;0.0000;0.0000;60.0000;churn;1600
3;complaints not received;37;0;4180;71;30;19;3;pay as you go;active;30;290.0400;261.0360;79.0040;non-churn;1601
0;complaints not received;38;0;128;5;32;6;3;pay as you go;non-active;30;133.3200;119.9880;63.3320;non-churn;1602
5;complaints not received;36;0;2263;60;384;26;3;pay as you go;active;30;1628.9200;1466.0280;212.8920;non-churn;1603
5;complaints not received;37;0;4008;66;26;37;1;pay as you go;active;15;367.0700;330.3630;86.7070;non-churn;1604
0;complaints not received;37;0;2203;58;27;35;2;pay as you go;active;25;223.2450;200.9205;72.3245;non-churn;1605
6;complaints not received;37;1;3585;82;57;30;3;pay as you go;active;30;374.6800;337.2120;87.4680;non-churn;1606
0;complaints not received;37;0;2170;39;310;20;3;pay as you go;active;30;1328.3600;1195.5240;182.8360;non-churn;1607
8;complaints not received;36;2;8925;121;169;45;3;pay as you go;active;30;1037.8400;934.0560;153.7840;non-churn;1608
2;complaints not received;37;0;13583;169;25;46;3;pay as you go;active;30;650.0800;585.0720;115.0080;non-churn;1609
2;complaints not received;37;1;4325;83;27;27;3;pay as you go;active;30;284.3200;255.8880;78.4320;non-churn;1610
1;complaints not received;37;0;5728;95;32;14;3;pay as you go;active;30;360.9200;324.8280;86.0920;non-churn;1611
4;complaints not received;37;0;2048;54;33;19;3;pay as you go;non-active;30;216.0800;194.4720;71.6080;non-churn;1612
20;complaints not received;37;3;14950;225;79;34;3;pay as you go;active;30;923.0000;830.7000;142.3000;non-churn;1613
0;complaints not received;37;1;2905;27;508;10;3;pay as you go;active;30;2149.2800;1934.3520;264.9280;non-churn;1614
4;complaints not received;36;0;15295;182;175;32;2;pay as you go;active;25;1483.9650;1335.5685;198.3965;non-churn;1615
0;complaints not received;36;1;6310;86;211;28;3;pay as you go;active;30;1099.8400;989.8560;159.9840;non-churn;1616
0;complaints not received;36;0;685;14;25;13;2;pay as you go;non-active;25;143.9550;129.5595;64.3955;non-churn;1617
0;complaints not received;37;0;520;14;38;10;3;pay as you go;non-active;30;173.3600;156.0240;67.3360;non-churn;1618
0;complaints not received;36;0;0;0;25;0;2;pay as you go;non-active;25;112.5000;101.2500;61.2500;churn;1619
0;complaints not received;36;0;7318;127;409;45;3;pay as you go;active;30;1933.8000;1740.4200;243.3800;non-churn;1620
2;complaints not received;36;1;11275;154;36;49;4;pay as you go;active;45;375.7250;338.1525;87.5725;non-churn;1621
3;complaints not received;36;1;6528;75;133;39;2;pay as you go;active;25;895.6350;806.0715;139.5635;non-churn;1622
18;complaints not received;32;0;765;47;41;19;3;pay as you go;non-active;30;196.4800;176.8320;69.6480;churn;1623
16;complaints not received;35;8;10245;93;26;44;5;contractual;active;55;194.0700;174.6630;69.4070;non-churn;1624
8;complaints received;35;1;5628;98;51;26;2;pay as you go;active;25;487.1700;438.4530;98.7170;churn;1625
0;complaints not received;33;0;2650;22;25;16;3;pay as you go;active;30;206.8800;186.1920;70.6880;non-churn;1626
4;complaints received;34;0;2800;41;34;18;3;pay as you go;non-active;30;249.6400;224.6760;74.9640;churn;1627
4;complaints not received;35;0;2078;44;59;33;3;pay as you go;non-active;30;320.8800;288.7920;82.0880;churn;1628
0;complaints not received;35;0;0;0;25;0;3;pay as you go;non-active;30;100.0000;90.0000;60.0000;churn;1629
0;complaints not received;35;0;1478;25;25;8;4;pay as you go;active;45;100.0750;90.0675;60.0075;non-churn;1630
0;complaints not received;32;1;6595;97;39;24;5;pay as you go;active;55;158.8800;142.9920;65.8880;non-churn;1631
0;complaints not received;35;0;438;7;34;6;4;pay as you go;non-active;45;96.1250;86.5125;60.0000;churn;1632
0;complaints not received;35;1;148;4;29;4;5;pay as you go;active;55;45.7800;41.2020;60.0000;non-churn;1633
20;complaints not received;30;3;15885;238;25;82;2;pay as you go;active;25;838.0350;754.2315;133.8035;non-churn;1634
1;complaints not received;33;3;6775;116;296;35;2;contractual;active;25;1642.0950;1477.8855;214.2095;non-churn;1635
0;complaints not received;35;0;3528;82;27;30;3;pay as you go;active;30;252.4000;227.1600;75.2400;non-churn;1636
0;complaints not received;34;0;1475;44;63;22;3;pay as you go;non-active;30;312.7600;281.4840;81.2760;non-churn;1637
1;complaints not received;35;0;2590;53;200;25;2;pay as you go;active;25;1018.9350;917.0415;151.8935;non-churn;1638
0;complaints not received;26;1;1125;36;218;13;2;contractual;active;25;1033.2450;929.9205;153.3245;non-churn;1639
0;complaints not received;25;0;1378;39;55;70;4;pay as you go;active;45;172.9250;155.6325;67.2925;non-churn;1640
6;complaints not received;26;0;510;25;35;9;3;pay as you go;non-active;30;161.4000;145.2600;66.1400;non-churn;1641
0;complaints not received;25;0;635;10;46;5;4;pay as you go;non-active;45;131.1250;118.0125;63.1125;non-churn;1642
5;complaints not received;24;0;1035;32;44;15;2;pay as you go;active;25;246.0150;221.4135;74.6015;non-churn;1643
0;complaints not received;24;0;3035;61;33;25;3;pay as you go;active;30;255.8400;230.2560;75.5840;non-churn;1644
0;complaints not received;17;0;1505;26;53;16;2;pay as you go;active;25;307.3950;276.6555;80.7395;non-churn;1645
11;complaints not received;16;1;6203;141;110;44;2;contractual;active;25;780.4800;702.4320;128.0480;non-churn;1646
7;complaints not received;14;0;8743;171;98;42;5;pay as you go;active;55;280.7100;252.6390;78.0710;non-churn;1647
3;complaints not received;15;3;2663;45;56;21;3;pay as you go;active;30;332.3200;299.0880;83.2320;non-churn;1648
0;complaints not received;8;1;4200;40;240;12;3;pay as you go;active;30;1129.6000;1016.6400;162.9600;non-churn;1649
0;complaints received;8;1;1298;19;25;9;3;pay as you go;active;30;152.6800;137.4120;65.2680;churn;1650
3;complaints not received;35;0;3950;59;0;11;2;pay as you go;active;25;180.4050;162.3645;68.0405;non-churn;1651
5;complaints not received;34;0;2033;48;320;18;2;pay as you go;active;25;1533.6450;1380.2805;203.3645;non-churn;1653
5;complaints not received;35;0;3778;54;0;29;1;pay as you go;active;15;210.7600;189.6840;71.0760;non-churn;1654
0;complaints not received;35;0;1973;46;0;27;1;pay as you go;active;15;111.0450;99.9405;61.1045;non-churn;1655
6;complaints not received;35;0;3355;70;0;22;2;pay as you go;active;25;154.1250;138.7125;65.4125;non-churn;1656
0;complaints not received;35;0;1940;27;246;12;3;pay as you go;active;30;1062.6800;956.4120;156.2680;non-churn;1657
8;complaints not received;34;0;8695;109;105;37;3;pay as you go;active;30;772.1600;694.9440;127.2160;non-churn;1658
2;complaints not received;35;0;13353;157;0;38;3;pay as you go;active;30;540.4000;486.3600;104.0400;non-churn;1659
2;complaints not received;35;0;4095;71;0;19;3;pay as you go;active;30;166.6400;149.9760;66.6640;non-churn;1660
1;complaints not received;35;0;5498;83;0;6;2;pay as you go;active;25;251.1450;226.0305;75.1145;non-churn;1661
4;complaints not received;35;0;1818;42;0;11;3;pay as you go;non-active;30;74.4000;66.9600;60.0000;non-churn;1662
20;complaints not received;35;1;14720;213;15;26;2;pay as you go;active;25;739.4850;665.5365;123.9485;non-churn;1663
0;complaints not received;35;0;2675;15;444;2;3;pay as you go;active;30;1883.6000;1695.2400;238.3600;non-churn;1664
4;complaints not received;34;0;15065;170;111;24;2;pay as you go;active;25;1185.0750;1066.5675;168.5075;non-churn;1665
0;complaints not received;34;0;6080;74;147;20;3;pay as you go;active;30;834.1600;750.7440;133.4160;non-churn;1666
0;complaints not received;34;0;455;2;0;5;2;pay as you go;non-active;25;20.5650;18.5085;60.0000;non-churn;1667
0;complaints not received;35;0;290;2;0;2;2;pay as you go;non-active;25;13.1400;11.8260;60.0000;non-churn;1668
0;complaints not received;34;0;7088;115;345;37;2;pay as you go;active;25;1876.6350;1688.9715;237.6635;non-churn;1670
2;complaints not received;34;0;11045;142;0;41;3;pay as you go;active;30;447.4800;402.7320;94.7480;non-churn;1671
3;complaints not received;34;0;6298;63;69;31;2;pay as you go;active;25;596.7450;537.0705;109.6745;non-churn;1672
18;complaints not received;30;0;535;35;0;11;2;pay as you go;non-active;25;25.6500;23.0850;60.0000;churn;1673
16;complaints not received;33;6;10015;81;0;36;4;pay as you go;active;45;252.4000;227.1600;75.2400;non-churn;1674
8;complaints not received;33;0;5398;86;0;18;2;pay as you go;active;25;246.7800;222.1020;74.6780;churn;1675
0;complaints not received;31;0;2420;10;0;8;3;pay as you go;active;30;97.2000;87.4800;60.0000;non-churn;1676
4;complaints received;32;0;2570;29;0;10;2;pay as you go;non-active;25;116.9550;105.2595;61.6955;churn;1677
4;complaints not received;33;0;1848;32;0;25;3;pay as you go;non-active;30;75.2000;67.6800;60.0000;churn;1678
0;complaints not received;33;0;0;0;0;0;2;pay as you go;non-active;25;0.0000;0.0000;60.0000;churn;1679
0;complaints not received;33;0;1248;13;0;3;3;pay as you go;active;30;50.4400;45.3960;60.0000;non-churn;1680
0;complaints not received;30;0;6365;85;0;16;4;pay as you go;active;45;161.2500;145.1250;66.1250;non-churn;1681
0;complaints not received;33;0;0;0;0;0;3;pay as you go;non-active;30;0.0000;0.0000;60.0000;churn;1682
20;complaints not received;28;1;15655;226;0;74;2;pay as you go;active;25;714.6450;643.1805;121.4645;non-churn;1684
1;complaints not received;31;1;6545;104;232;27;2;contractual;active;25;1343.2050;1208.8845;184.3205;non-churn;1685
0;complaints not received;33;0;3298;70;0;22;2;pay as you go;active;25;151.5600;136.4040;65.1560;non-churn;1686
0;complaints not received;32;0;1245;32;0;14;3;pay as you go;non-active;30;51.0800;45.9720;60.0000;non-churn;1687
1;complaints not received;33;0;2360;41;136;17;2;pay as you go;active;25;720.0450;648.0405;122.0045;non-churn;1688
0;complaints not received;24;0;895;24;154;5;2;contractual;active;25;734.3550;660.9195;123.4355;non-churn;1689
0;complaints not received;23;0;1148;27;0;62;4;pay as you go;active;45;29.3750;26.4375;60.0000;non-churn;1690
6;complaints not received;24;0;280;13;0;1;2;pay as you go;non-active;25;13.1850;11.8665;60.0000;non-churn;1691
0;complaints not received;23;0;0;0;0;0;4;pay as you go;non-active;45;0.0000;0.0000;60.0000;non-churn;1692
5;complaints not received;22;0;805;20;0;7;1;pay as you go;active;15;45.3750;40.8375;60.0000;non-churn;1693
0;complaints not received;22;0;2805;49;0;17;3;pay as you go;active;30;114.1600;102.7440;61.4160;non-churn;1694
0;complaints not received;15;0;1275;14;0;8;2;pay as you go;active;25;58.0050;52.2045;60.0000;non-churn;1695
11;complaints not received;14;0;5973;129;46;36;1;contractual;active;15;588.6100;529.7490;108.8610;non-churn;1696
7;complaints not received;12;0;8513;159;34;34;4;pay as you go;active;45;301.8000;271.6200;80.1800;non-churn;1697
3;complaints not received;13;1;2433;33;0;13;3;pay as you go;active;30;98.6400;88.7760;60.0000;non-churn;1698
0;complaints not received;6;0;3970;28;176;4;2;pay as you go;active;25;971.9100;874.7190;147.1910;non-churn;1699
0;complaints received;6;0;1068;7;0;1;2;pay as you go;active;25;48.3750;43.5375;60.0000;churn;1700
5;complaints not received;36;0;4255;66;7;18;2;pay as you go;active;25;225.9450;203.3505;72.5945;non-churn;1701
0;complaints not received;37;0;0;0;9;0;2;pay as you go;non-active;25;40.5000;36.4500;60.0000;non-churn;1702
7;complaints not received;35;0;2338;55;361;25;2;pay as you go;active;25;1732.1850;1558.9665;223.2185;non-churn;1703
7;complaints not received;36;0;4083;61;3;36;1;pay as you go;active;15;244.4200;219.9780;74.4420;non-churn;1704
0;complaints not received;36;0;2278;53;4;34;1;pay as you go;active;15;150.2050;135.1845;65.0205;non-churn;1705
8;complaints not received;36;0;3660;77;34;29;2;pay as you go;active;25;321.1650;289.0485;82.1165;non-churn;1706
1;complaints not received;36;0;2245;34;287;19;3;pay as you go;active;30;1239.1600;1115.2440;173.9160;non-churn;1707
10;complaints not received;35;1;9000;116;146;44;3;pay as you go;active;30;948.6400;853.7760;144.8640;non-churn;1708
4;complaints not received;36;0;13658;164;2;45;3;pay as you go;active;30;560.8800;504.7920;106.0880;non-churn;1709
4;complaints not received;36;0;4400;78;4;26;3;pay as you go;active;30;195.1200;175.6080;69.5120;non-churn;1710
3;complaints not received;36;0;5803;90;9;13;2;pay as you go;active;25;305.6850;275.1165;80.5685;non-churn;1711
6;complaints received;36;0;2123;49;10;18;3;pay as you go;non-active;30;126.8800;114.1920;62.6880;non-churn;1712
22;complaints not received;36;2;15025;220;56;33;3;pay as you go;active;30;833.8000;750.4200;133.3800;non-churn;1713
1;complaints not received;36;0;2980;22;485;9;3;pay as you go;active;30;2060.0800;1854.0720;256.0080;non-churn;1714
6;complaints not received;35;0;15370;177;152;31;2;pay as you go;active;25;1383.6150;1245.2535;188.3615;non-churn;1715
0;complaints not received;35;0;6385;81;188;27;3;pay as you go;active;30;1010.6400;909.5760;151.0640;non-churn;1716
0;complaints not received;35;0;760;9;2;12;2;pay as you go;non-active;25;43.6050;39.2445;60.0000;non-churn;1717
0;complaints not received;36;0;595;9;15;9;2;pay as you go;non-active;25;94.6800;85.2120;60.0000;non-churn;1718
0;complaints not received;35;0;0;0;2;0;2;pay as you go;non-active;25;9.0000;8.1000;60.0000;churn;1719
0;complaints not received;35;0;7393;122;386;44;2;pay as you go;active;25;2075.1750;1867.6575;257.5175;non-churn;1720
4;complaints not received;35;0;11350;149;13;48;3;pay as you go;active;30;511.9600;460.7640;101.1960;non-churn;1721
5;complaints not received;35;0;6603;70;110;38;2;pay as you go;active;25;795.2850;715.7565;129.5285;non-churn;1722
20;complaints not received;31;0;840;42;18;18;2;pay as you go;non-active;25;120.6900;108.6210;62.0690;churn;1723
18;complaints not received;34;7;10320;88;3;43;4;pay as you go;active;45;267.7000;240.9300;76.7700;non-churn;1724
10;complaints not received;34;0;5703;93;28;25;2;pay as you go;active;25;386.8200;348.1380;88.6820;churn;1725
0;complaints not received;32;0;2725;17;2;15;3;pay as you go;active;30;117.6800;105.9120;61.7680;non-churn;1726
6;complaints not received;33;0;2875;36;11;17;2;pay as you go;non-active;25;180.4950;162.4455;68.0495;churn;1727
6;complaints received;34;0;2153;39;36;32;3;pay as you go;non-active;30;231.6800;208.5120;73.1680;churn;1728
0;complaints not received;34;0;0;0;2;0;3;pay as you go;non-active;30;8.0000;7.2000;60.0000;churn;1729
0;complaints not received;34;0;1553;20;2;7;3;pay as you go;active;30;70.9200;63.8280;60.0000;non-churn;1730
0;complaints not received;31;0;6670;92;16;23;4;pay as you go;active;45;209.0500;188.1450;70.9050;non-churn;1731
0;complaints not received;34;0;513;2;11;5;4;pay as you go;non-active;45;40.3750;36.3375;60.0000;churn;1732
0;complaints not received;34;0;0;0;6;0;5;pay as you go;active;55;9.0000;8.1000;60.0000;non-churn;1733
22;complaints not received;29;2;15960;233;2;81;2;pay as you go;active;25;737.6850;663.9165;123.7685;non-churn;1734
3;complaints not received;32;2;6850;111;273;34;2;contractual;active;25;1541.7450;1387.5705;204.1745;non-churn;1735
0;complaints not received;34;0;3603;77;4;29;2;pay as you go;active;25;183.6000;165.2400;68.3600;non-churn;1736
0;complaints not received;33;0;1550;39;40;21;3;pay as you go;non-active;30;223.5600;201.2040;72.3560;non-churn;1737
3;complaints not received;34;0;2665;48;177;24;2;pay as you go;active;25;918.5850;826.7265;141.8585;non-churn;1738
1;complaints not received;25;0;1200;31;195;12;2;contractual;active;25;932.8950;839.6055;143.2895;non-churn;1739
1;complaints not received;24;0;1453;34;32;69;4;pay as you go;active;45;117.1750;105.4575;61.7175;non-churn;1740
8;complaints not received;25;0;585;20;12;8;2;pay as you go;non-active;25;81.2250;73.1025;60.0000;non-churn;1741
0;complaints not received;24;0;710;5;23;4;4;pay as you go;non-active;45;75.3750;67.8375;60.0000;non-churn;1742
7;complaints not received;23;0;1110;27;21;14;2;pay as you go;active;25;145.6650;131.0985;64.5665;non-churn;1743
0;complaints not received;23;0;3110;56;10;24;3;pay as you go;active;30;166.6400;149.9760;66.6640;non-churn;1744
0;complaints not received;16;0;1580;21;30;15;2;pay as you go;active;25;207.0450;186.3405;70.7045;non-churn;1745
13;complaints not received;15;0;6277;136;87;43;1;contractual;active;15;831.2150;748.0935;133.1215;non-churn;1746
9;complaints not received;13;0;8817;166;75;41;4;pay as you go;active;45;412.0750;370.8675;91.2075;non-churn;1747
5;complaints not received;14;2;2737;40;33;20;3;pay as you go;active;30;243.0800;218.7720;74.3080;non-churn;1748
0;complaints not received;7;0;4275;35;217;11;3;pay as you go;active;30;1040.4000;936.3600;154.0400;non-churn;1749
0;complaints received;7;0;1372;14;2;8;2;pay as you go;active;25;71.3700;64.2330;60.0000;churn;1750
1;complaints not received;36;0;3875;64;0;12;2;pay as you go;active;25;177.2550;159.5295;67.7255;non-churn;1751
3;complaints not received;35;0;1958;53;343;19;2;pay as you go;active;25;1633.9950;1470.5955;213.3995;non-churn;1753
3;complaints not received;36;0;3703;59;0;30;2;pay as you go;active;25;169.2900;152.3610;66.9290;non-churn;1754
0;complaints not received;36;0;1898;51;0;28;1;pay as you go;active;15;107.1950;96.4755;60.7195;non-churn;1755
4;complaints not received;36;0;3280;75;16;23;2;pay as you go;active;25;222.9750;200.6775;72.2975;non-churn;1756
0;complaints not received;36;0;1865;32;269;13;3;pay as you go;active;30;1151.8800;1036.6920;165.1880;non-churn;1757
6;complaints not received;35;1;8620;114;128;38;3;pay as you go;active;30;861.3600;775.2240;136.1360;non-churn;1758
0;complaints not received;36;0;13278;162;0;39;3;pay as you go;active;30;537.6000;483.8400;103.7600;non-churn;1759
0;complaints not received;36;0;4020;76;0;20;3;pay as you go;active;30;163.8400;147.4560;66.3840;non-churn;1760
0;complaints not received;36;0;5423;88;0;7;2;pay as you go;active;25;247.9950;223.1955;74.7995;non-churn;1761
2;complaints not received;36;0;1743;47;0;12;3;pay as you go;non-active;30;71.6000;64.4400;60.0000;non-churn;1762
18;complaints not received;36;2;14645;218;38;27;3;pay as you go;active;30;746.5200;671.8680;124.6520;non-churn;1763
0;complaints not received;36;0;2600;20;467;3;3;pay as you go;active;30;1972.8000;1775.5200;247.2800;non-churn;1764
2;complaints not received;35;0;14990;175;134;25;2;pay as you go;active;25;1285.4250;1156.8825;178.5425;non-churn;1765
0;complaints not received;35;0;6005;79;170;21;3;pay as you go;active;30;923.3600;831.0240;142.3360;non-churn;1766
0;complaints not received;35;0;380;7;0;6;2;pay as you go;non-active;25;17.4150;15.6735;60.0000;non-churn;1767
0;complaints not received;36;0;215;7;0;3;2;pay as you go;non-active;25;9.9900;8.9910;60.0000;non-churn;1768
0;complaints not received;35;0;7013;120;368;38;2;pay as you go;active;25;1976.9850;1779.2865;247.6985;non-churn;1770
0;complaints not received;35;0;10970;147;0;42;3;pay as you go;active;30;444.6800;400.2120;94.4680;non-churn;1771
1;complaints not received;35;0;6223;68;92;32;2;pay as you go;active;25;697.0950;627.3855;119.7095;non-churn;1772
16;complaints received;31;0;460;40;0;12;2;pay as you go;non-active;25;22.5000;20.2500;60.0000;churn;1773
14;complaints not received;34;7;9940;86;0;37;4;pay as you go;active;45;250.6500;225.5850;75.0650;non-churn;1774
6;complaints not received;34;0;5323;91;10;19;2;pay as you go;active;25;288.6300;259.7670;78.8630;churn;1775
0;complaints not received;32;0;2345;15;0;9;3;pay as you go;active;30;94.4000;84.9600;60.0000;non-churn;1776
2;complaints received;33;0;2495;34;0;11;2;pay as you go;non-active;25;113.8050;102.4245;61.3805;churn;1777
2;complaints not received;34;0;1773;37;18;26;3;pay as you go;non-active;30;144.4000;129.9600;64.4400;churn;1778
0;complaints not received;34;0;0;0;0;0;3;pay as you go;non-active;30;0.0000;0.0000;60.0000;churn;1779
0;complaints not received;34;0;1173;18;0;1;3;pay as you go;active;30;47.6400;42.8760;60.0000;non-churn;1780
0;complaints not received;31;0;6290;90;0;17;4;pay as you go;active;45;159.5000;143.5500;65.9500;non-churn;1781
0;complaints not received;34;0;0;0;0;0;4;pay as you go;non-active;45;0.0000;0.0000;60.0000;churn;1782
0;complaints not received;34;0;0;0;0;0;5;pay as you go;active;55;0.0000;0.0000;60.0000;non-churn;1783
18;complaints not received;29;2;15580;231;0;75;2;pay as you go;active;25;711.4950;640.3455;121.1495;non-churn;1784
0;complaints not received;32;2;6470;109;255;28;2;contractual;active;25;1443.5550;1299.1995;194.3555;non-churn;1785
0;complaints not received;34;0;3223;75;0;23;2;pay as you go;active;25;148.4100;133.5690;64.8410;non-churn;1786
0;complaints not received;33;0;1170;37;22;15;3;pay as you go;non-active;30;136.2800;122.6520;63.6280;non-churn;1787
0;complaints not received;34;0;2285;46;159;18;2;pay as you go;active;25;820.3950;738.3555;132.0395;non-churn;1788
0;complaints not received;25;0;820;29;177;6;2;contractual;active;25;834.7050;751.2345;133.4705;non-churn;1789
0;complaints not received;24;0;1073;32;14;63;4;pay as you go;active;45;62.6250;56.3625;60.0000;non-churn;1790
4;complaints not received;25;0;205;18;0;2;2;pay as you go;non-active;25;10.0350;9.0315;60.0000;non-churn;1791
0;complaints not received;24;0;0;0;5;0;4;pay as you go;non-active;45;12.5000;11.2500;60.0000;non-churn;1792
3;complaints not received;23;0;730;25;3;8;2;pay as you go;active;25;47.4750;42.7275;60.0000;non-churn;1793
0;complaints not received;23;0;2730;54;0;18;3;pay as you go;active;30;111.3600;100.2240;61.1360;non-churn;1794
0;complaints not received;16;0;1200;19;12;9;2;pay as you go;active;25;108.8550;97.9695;60.8855;non-churn;1795
9;complaints not received;15;0;5897;134;69;37;1;contractual;active;15;711.2050;640.0845;121.1205;non-churn;1796
5;complaints not received;13;0;8437;164;57;35;4;pay as you go;active;45;357.5250;321.7725;85.7525;non-churn;1797
1;complaints not received;14;2;2357;38;15;14;3;pay as you go;active;30;155.8000;140.2200;65.5800;non-churn;1798
0;complaints not received;7;0;3895;33;199;5;3;pay as you go;active;30;953.1200;857.8080;145.3120;non-churn;1799
0;complaints not received;7;0;992;12;0;2;2;pay as you go;active;25;45.1800;40.6620;60.0000;churn;1800
1;complaints not received;31;0;4065;59;0;14;2;pay as you go;active;25;185.5800;167.0220;68.5580;non-churn;1801
3;complaints not received;30;0;2148;48;344;21;2;pay as you go;active;25;1646.8200;1482.1380;214.6820;non-churn;1803
3;complaints not received;31;0;3893;54;0;32;1;pay as you go;active;15;217.0850;195.3765;71.7085;non-churn;1804
0;complaints not received;31;0;2088;46;0;30;1;pay as you go;active;15;117.3700;105.6330;61.7370;non-churn;1805
4;complaints not received;31;0;3470;70;17;25;2;pay as you go;active;25;235.8000;212.2200;73.5800;non-churn;1806
0;complaints not received;31;0;2055;27;270;15;3;pay as you go;active;30;1163.2800;1046.9520;166.3280;non-churn;1807
6;complaints not received;30;0;8810;109;129;40;3;pay as you go;active;30;872.7600;785.4840;137.2760;non-churn;1808
0;complaints not received;31;0;13468;157;0;41;3;pay as you go;active;30;545.0000;490.5000;104.5000;non-churn;1809
0;complaints not received;31;0;4210;71;0;22;3;pay as you go;active;30;171.2400;154.1160;67.1240;non-churn;1810
0;complaints not received;31;0;5613;83;0;9;2;pay as you go;active;25;256.3200;230.6880;75.6320;non-churn;1811
2;complaints not received;31;0;1933;42;0;14;3;pay as you go;non-active;30;79.0000;71.1000;60.0000;non-churn;1812
18;complaints not received;31;1;14835;213;39;29;2;pay as you go;active;25;852.6600;767.3940;135.2660;non-churn;1813
0;complaints not received;31;0;2790;15;468;5;3;pay as you go;active;30;1984.2000;1785.7800;248.4200;non-churn;1814
2;complaints not received;30;0;15180;170;135;27;2;pay as you go;active;25;1298.2500;1168.4250;179.8250;non-churn;1815
0;complaints not received;30;0;6195;74;171;23;3;pay as you go;active;30;934.7600;841.2840;143.4760;non-churn;1816
0;complaints not received;30;0;570;2;0;8;2;pay as you go;non-active;25;25.7400;23.1660;60.0000;non-churn;1817
0;complaints not received;31;0;405;2;0;5;2;pay as you go;non-active;25;18.3150;16.4835;60.0000;non-churn;1818
0;complaints not received;30;0;7203;115;369;40;2;pay as you go;active;25;1989.8100;1790.8290;248.9810;non-churn;1820
0;complaints not received;30;0;11160;142;0;44;3;pay as you go;active;30;452.0800;406.8720;95.2080;non-churn;1821
1;complaints not received;30;0;6413;63;93;34;2;pay as you go;active;25;709.9200;638.9280;120.9920;non-churn;1822
16;complaints not received;26;0;650;35;1;14;2;pay as you go;non-active;25;35.3250;31.7925;60.0000;churn;1823
14;complaints not received;29;6;10130;81;0;39;4;pay as you go;active;45;255.2750;229.7475;75.5275;non-churn;1824
6;complaints not received;29;0;5513;86;11;21;2;pay as you go;active;25;301.4550;271.3095;80.1455;churn;1825
0;complaints not received;27;0;2535;10;0;11;3;pay as you go;active;30;101.8000;91.6200;60.1800;non-churn;1826
2;complaints not received;28;0;2685;29;0;13;2;pay as you go;non-active;25;122.1300;109.9170;62.2130;churn;1827
2;complaints not received;29;0;1963;32;19;28;3;pay as you go;non-active;30;155.8000;140.2200;65.5800;churn;1828
0;complaints not received;29;0;1363;13;0;3;3;pay as you go;active;30;55.0400;49.5360;60.0000;non-churn;1830
0;complaints not received;26;0;6480;85;0;19;4;pay as you go;active;45;164.1250;147.7125;66.4125;non-churn;1831
0;complaints not received;29;0;0;0;0;0;3;pay as you go;non-active;30;0.0000;0.0000;60.0000;churn;1832
0;complaints not received;29;0;0;0;0;0;4;pay as you go;active;45;0.0000;0.0000;60.0000;non-churn;1833
18;complaints not received;24;1;15770;226;0;77;2;pay as you go;active;25;719.8200;647.8380;121.9820;non-churn;1834
0;complaints not received;27;1;6660;104;256;30;2;contractual;active;25;1456.3800;1310.7420;195.6380;non-churn;1835
0;complaints not received;29;0;3413;70;0;25;2;pay as you go;active;25;156.7350;141.0615;65.6735;non-churn;1836
0;complaints not received;28;0;1360;32;23;17;3;pay as you go;non-active;30;147.6800;132.9120;64.7680;non-churn;1837
0;complaints not received;29;0;2475;41;160;20;2;pay as you go;active;25;833.2200;749.8980;133.3220;non-churn;1838
0;complaints not received;20;0;1010;24;178;8;2;contractual;active;25;847.5300;762.7770;134.7530;non-churn;1839
0;complaints not received;19;0;1263;27;15;65;4;pay as you go;active;45;69.7500;62.7750;60.0000;non-churn;1840
4;complaints not received;20;0;395;13;0;4;2;pay as you go;non-active;25;18.3600;16.5240;60.0000;non-churn;1841
0;complaints not received;19;0;520;4;6;2;4;pay as you go;non-active;45;28.1000;25.2900;60.0000;non-churn;1842
3;complaints not received;18;0;920;20;4;10;1;pay as you go;active;15;73.7000;66.3300;60.0000;non-churn;1843
0;complaints not received;18;0;2920;49;0;20;3;pay as you go;active;30;118.7600;106.8840;61.8760;non-churn;1844
0;complaints not received;11;0;1390;14;13;11;2;pay as you go;active;25;121.6800;109.5120;62.1680;non-churn;1845
9;complaints not received;10;0;6087;129;70;39;1;contractual;active;15;726.8800;654.1920;122.6880;non-churn;1846
5;complaints not received;8;0;8627;159;58;37;4;pay as you go;active;45;364.6500;328.1850;86.4650;non-churn;1847
1;complaints not received;9;1;2547;33;16;16;3;pay as you go;active;30;167.2000;150.4800;66.7200;non-churn;1848
0;complaints not received;3;0;4085;28;200;7;2;pay as you go;active;25;1085.0850;976.5765;158.5085;non-churn;1849
0;complaints not received;3;0;1182;7;0;4;2;pay as you go;active;25;53.5050;48.1545;60.0000;churn;1850
5;complaints not received;41;0;4065;71;6;16;3;pay as you go;active;30;189.4400;170.4960;68.9440;non-churn;1851
0;complaints not received;42;0;13;5;8;3;3;pay as you go;non-active;30;32.7200;29.4480;60.0000;non-churn;1852
7;complaints not received;40;0;2148;60;360;23;3;pay as you go;active;30;1528.3200;1375.4880;202.8320;non-churn;1853
7;complaints not received;41;0;3893;66;2;34;1;pay as you go;active;15;228.7450;205.8705;72.8745;non-churn;1854
0;complaints not received;41;0;2088;58;3;32;2;pay as you go;active;25;110.0700;99.0630;61.0070;non-churn;1855
8;complaints not received;41;1;3470;82;33;27;3;pay as you go;active;30;274.0800;246.6720;77.4080;non-churn;1856
1;complaints not received;41;0;2055;39;286;17;3;pay as you go;active;30;1227.7600;1104.9840;172.7760;non-churn;1857
10;complaints not received;40;2;8810;121;145;42;3;pay as you go;active;30;937.2400;843.5160;143.7240;non-churn;1858
4;complaints not received;41;0;13468;169;1;43;3;pay as you go;active;30;549.4800;494.5320;104.9480;non-churn;1859
4;complaints not received;41;1;4210;83;3;24;3;pay as you go;active;30;183.7200;165.3480;68.3720;non-churn;1860
3;complaints not received;41;0;5613;95;8;11;3;pay as you go;active;30;260.3200;234.2880;76.0320;non-churn;1861
6;complaints not received;41;0;1933;54;9;16;3;pay as you go;non-active;30;115.4800;103.9320;61.5480;non-churn;1862
22;complaints not received;41;3;14835;225;55;31;3;pay as you go;active;30;822.4000;740.1600;132.2400;non-churn;1863
1;complaints not received;41;1;2790;27;484;7;3;pay as you go;active;30;2048.6800;1843.8120;254.8680;non-churn;1864
6;complaints not received;40;0;15180;182;151;29;2;pay as you go;active;25;1370.7900;1233.7110;187.0790;non-churn;1865
0;complaints not received;40;1;6195;86;187;25;3;pay as you go;active;30;999.2400;899.3160;149.9240;non-churn;1866
0;complaints not received;40;0;570;14;1;10;2;pay as you go;non-active;25;30.7800;27.7020;60.0000;non-churn;1867
0;complaints not received;41;0;405;14;14;7;3;pay as you go;non-active;30;72.7600;65.4840;60.0000;non-churn;1868
0;complaints not received;40;0;0;0;1;0;2;pay as you go;non-active;25;4.5000;4.0500;60.0000;churn;1869
0;complaints not received;40;0;7203;127;385;42;3;pay as you go;active;30;1833.2000;1649.8800;233.3200;non-churn;1870
4;complaints not received;40;1;11160;154;12;46;4;pay as you go;active;45;312.8500;281.5650;81.2850;non-churn;1871
5;complaints not received;40;1;6413;75;109;36;2;pay as you go;active;25;782.4600;704.2140;128.2460;non-churn;1872
20;complaints not received;36;0;650;47;17;16;3;pay as you go;non-active;30;95.8800;86.2920;60.0000;churn;1873
18;complaints not received;39;8;10130;93;2;41;5;pay as you go;active;55;156.3450;140.7105;65.6345;non-churn;1874
10;complaints not received;39;1;5513;98;27;23;2;pay as you go;active;25;373.9950;336.5955;87.3995;churn;1875
0;complaints not received;37;0;2535;22;1;13;3;pay as you go;active;30;106.2800;95.6520;60.6280;non-churn;1876
6;complaints received;38;0;2685;41;10;15;3;pay as you go;non-active;30;149.0400;134.1360;64.9040;churn;1877
6;complaints not received;39;0;1963;44;35;30;3;pay as you go;non-active;30;220.2800;198.2520;72.0280;churn;1878
0;complaints not received;39;0;0;0;1;0;3;pay as you go;non-active;30;4.0000;3.6000;60.0000;churn;1879
0;complaints not received;39;0;1363;25;1;5;4;pay as you go;active;45;37.2000;33.4800;60.0000;non-churn;1880
0;complaints not received;36;1;6480;97;15;21;5;pay as you go;active;55;121.1550;109.0395;62.1155;non-churn;1881
0;complaints not received;39;0;323;7;10;3;4;pay as you go;non-active;45;33.2500;29.9250;60.0000;churn;1882
0;complaints not received;39;1;33;4;5;1;5;pay as you go;active;55;8.0550;7.2495;60.0000;non-churn;1883
22;complaints not received;34;3;15770;238;1;79;2;pay as you go;active;25;724.8600;652.3740;122.4860;non-churn;1884
3;complaints not received;37;3;6660;116;272;32;2;contractual;active;25;1528.9200;1376.0280;202.8920;non-churn;1885
0;complaints not received;39;0;3413;82;3;27;3;pay as you go;active;30;151.8000;136.6200;65.1800;non-churn;1886
0;complaints not received;38;0;1360;44;39;19;3;pay as you go;non-active;30;212.1600;190.9440;71.2160;non-churn;1887
3;complaints not received;39;0;2475;53;176;22;2;pay as you go;active;25;905.7600;815.1840;140.5760;non-churn;1888
1;complaints not received;30;1;1010;36;194;10;2;contractual;active;25;920.0700;828.0630;142.0070;non-churn;1889
1;complaints not received;29;0;1263;39;31;67;4;pay as you go;active;45;110.0500;99.0450;61.0050;non-churn;1890
8;complaints not received;30;0;395;25;11;6;3;pay as you go;non-active;30;60.8000;54.7200;60.0000;non-churn;1891
0;complaints not received;29;0;520;10;22;2;4;pay as you go;non-active;45;68.2500;61.4250;60.0000;non-churn;1892
7;complaints not received;28;0;920;32;20;12;2;pay as you go;active;25;132.8400;119.5560;63.2840;non-churn;1893
0;complaints not received;28;0;2920;61;9;22;3;pay as you go;active;30;155.2400;139.7160;65.5240;non-churn;1894
0;complaints not received;21;0;1390;26;29;13;2;pay as you go;active;25;194.2200;174.7980;69.4220;non-churn;1895
13;complaints not received;20;1;6087;141;86;41;2;contractual;active;25;667.2600;600.5340;116.7260;non-churn;1896
9;complaints not received;18;0;8627;171;74;39;5;pay as you go;active;55;242.9700;218.6730;74.2970;non-churn;1897
5;complaints not received;19;3;2547;45;32;18;3;pay as you go;active;30;231.6800;208.5120;73.1680;non-churn;1898
0;complaints not received;12;1;4085;40;216;9;3;pay as you go;active;30;1029.0000;926.1000;152.9000;non-churn;1899
0;complaints not received;12;1;1182;19;1;6;3;pay as you go;active;30;52.0400;46.8360;60.0000;churn;1900
9;complaints not received;37;0;4775;76;23;15;2;pay as you go;active;25;321.7950;289.6155;82.1795;non-churn;1901
1;complaints not received;38;0;723;10;8;2;2;pay as you go;non-active;25;68.9850;62.0865;60.0000;non-churn;1902
11;complaints not received;36;0;2858;65;360;22;2;pay as you go;active;25;1751.5350;1576.3815;225.1535;non-churn;1903
11;complaints not received;37;0;4603;71;2;33;1;pay as you go;active;15;268.0700;241.2630;76.8070;non-churn;1904
4;complaints not received;37;0;2798;63;3;31;1;pay as you go;active;15;173.8550;156.4695;67.3855;non-churn;1905
12;complaints not received;37;1;4180;87;33;26;3;pay as you go;active;30;302.6800;272.4120;80.2680;non-churn;1906
5;complaints not received;37;0;2765;44;286;16;3;pay as you go;active;30;1256.3600;1130.7240;175.6360;non-churn;1907
14;complaints not received;36;2;9520;126;145;41;3;pay as you go;active;30;965.8400;869.2560;146.5840;non-churn;1908
8;complaints not received;37;0;14178;174;1;42;3;pay as you go;active;30;578.0800;520.2720;107.8080;non-churn;1909
8;complaints not received;37;1;4920;88;3;23;3;pay as you go;active;30;212.3200;191.0880;71.2320;non-churn;1910
7;complaints not received;37;0;6323;100;8;10;2;pay as you go;active;25;325.0350;292.5315;82.5035;non-churn;1911
10;complaints not received;37;0;2643;59;9;15;3;pay as you go;non-active;30;144.0800;129.6720;64.4080;non-churn;1912
26;complaints received;37;3;15545;230;55;30;3;pay as you go;active;30;851.0000;765.9000;135.1000;non-churn;1913
5;complaints not received;37;1;3500;32;484;6;3;pay as you go;active;30;2077.2800;1869.5520;257.7280;non-churn;1914
10;complaints not received;36;0;15890;187;151;28;2;pay as you go;active;25;1402.9650;1262.6685;190.2965;non-churn;1915
4;complaints not received;36;1;6905;91;187;24;3;pay as you go;active;30;1027.8400;925.0560;152.7840;non-churn;1916
1;complaints not received;36;0;1280;19;1;9;2;pay as you go;non-active;25;62.9550;56.6595;60.0000;non-churn;1917
3;complaints not received;37;0;1115;19;14;6;2;pay as you go;non-active;25;114.0300;102.6270;61.4030;non-churn;1918
0;complaints not received;36;0;0;0;1;0;2;pay as you go;non-active;25;4.5000;4.0500;60.0000;churn;1919
4;complaints not received;36;0;7913;132;385;41;2;pay as you go;active;25;2094.5250;1885.0725;259.4525;non-churn;1920
8;complaints not received;36;1;11870;159;12;45;3;pay as you go;active;30;529.1600;476.2440;102.9160;non-churn;1921
9;complaints not received;36;1;7123;80;109;35;2;pay as you go;active;25;814.6350;733.1715;131.4635;non-churn;1922
24;complaints not received;32;0;1360;52;17;15;2;pay as you go;non-active;25;140.0400;126.0360;64.0040;churn;1923
22;complaints not received;35;8;10840;98;2;40;4;pay as you go;active;45;278.4500;250.6050;77.8450;non-churn;1924
14;complaints not received;35;1;6223;103;27;22;2;pay as you go;active;25;406.1700;365.5530;90.6170;non-churn;1925
2;complaints not received;33;0;3245;27;1;12;3;pay as you go;active;30;134.8800;121.3920;63.4880;non-churn;1926
10;complaints not received;34;0;3395;46;10;14;3;pay as you go;non-active;30;177.6400;159.8760;67.7640;churn;1927
10;complaints received;35;0;2673;49;35;29;3;pay as you go;non-active;30;248.8800;223.9920;74.8880;churn;1928
1;complaints not received;35;0;538;7;1;1;3;pay as you go;non-active;30;25.8000;23.2200;60.0000;churn;1929
2;complaints not received;35;0;2073;30;1;4;3;pay as you go;active;30;88.1200;79.3080;60.0000;non-churn;1930
4;complaints not received;32;1;7190;102;15;20;4;pay as you go;active;45;219.8000;197.8200;71.9800;non-churn;1931
1;complaints not received;35;0;1033;12;10;2;4;pay as you go;non-active;45;51.1250;46.0125;60.0000;churn;1932
1;complaints not received;35;1;743;9;5;1;5;pay as you go;active;55;18.7800;16.9020;60.0000;non-churn;1933
26;complaints not received;30;3;16480;243;1;78;2;pay as you go;active;25;757.0350;681.3315;125.7035;non-churn;1934
7;complaints not received;33;3;7370;121;272;31;2;contractual;active;25;1561.0950;1404.9855;206.1095;non-churn;1935
3;complaints not received;35;0;4123;87;3;26;2;pay as you go;active;25;202.9500;182.6550;70.2950;non-churn;1936
4;complaints not received;34;0;2070;49;39;18;3;pay as you go;non-active;30;240.7600;216.6840;74.0760;non-churn;1937
7;complaints not received;35;0;3185;58;176;21;2;pay as you go;active;25;937.9350;844.1415;143.7935;non-churn;1938
5;complaints not received;26;1;1720;41;194;9;2;contractual;active;25;952.2450;857.0205;145.2245;non-churn;1939
5;complaints not received;25;0;1973;44;31;66;4;pay as you go;active;45;127.9250;115.1325;62.7925;non-churn;1940
12;complaints not received;26;0;1105;30;11;5;2;pay as you go;non-active;25;100.5750;90.5175;60.0575;non-churn;1941
1;complaints not received;25;0;1230;15;22;1;4;pay as you go;non-active;45;86.1250;77.5125;60.0000;non-churn;1942
11;complaints not received;24;0;1630;37;20;11;2;pay as you go;active;25;165.0150;148.5135;66.5015;non-churn;1943
3;complaints not received;24;0;3630;66;9;21;3;pay as you go;active;30;183.8400;165.4560;68.3840;non-churn;1944
3;complaints not received;17;0;2100;31;29;12;2;pay as you go;active;25;226.3950;203.7555;72.6395;non-churn;1945
17;complaints not received;16;1;6797;146;86;40;1;contractual;active;15;854.8650;769.3785;135.4865;non-churn;1946
13;complaints not received;14;0;9337;176;74;38;4;pay as you go;active;45;422.8250;380.5425;92.2825;non-churn;1947
9;complaints not received;15;3;3257;50;32;17;3;pay as you go;active;30;260.2800;234.2520;76.0280;non-churn;1948
3;complaints not received;8;1;4795;45;216;8;3;pay as you go;active;30;1057.6000;951.8400;155.7600;non-churn;1949
4;complaints not received;8;1;1892;24;1;5;3;pay as you go;active;30;80.6400;72.5760;60.0000;churn;1950
0;complaints not received;35;0;3355;54;0;15;2;pay as you go;active;25;153.4050;138.0645;65.3405;non-churn;1951
0;complaints not received;34;0;1438;43;327;22;2;pay as you go;active;25;1538.1450;1384.3305;203.8145;non-churn;1953
0;complaints not received;35;0;3183;49;0;33;1;pay as you go;active;15;177.7600;159.9840;67.7760;non-churn;1954
0;complaints not received;35;0;1378;41;0;31;1;pay as you go;active;15;78.0450;70.2405;60.0000;non-churn;1955
0;complaints not received;35;0;2760;65;0;26;2;pay as you go;active;25;127.1250;114.4125;62.7125;non-churn;1956
0;complaints not received;35;0;1345;22;253;16;3;pay as you go;active;30;1066.6800;960.0120;156.6680;non-churn;1957
2;complaints not received;34;0;8100;104;112;41;3;pay as you go;active;30;776.1600;698.5440;127.6160;non-churn;1958
0;complaints not received;35;0;12758;152;0;42;3;pay as you go;active;30;516.4000;464.7600;101.6400;non-churn;1959
0;complaints not received;35;0;3500;66;0;23;3;pay as you go;active;30;142.6400;128.3760;64.2640;non-churn;1960
0;complaints not received;35;0;4903;78;0;10;2;pay as you go;active;25;224.1450;201.7305;72.4145;non-churn;1961
0;complaints not received;35;0;1223;37;0;15;3;pay as you go;non-active;30;50.4000;45.3600;60.0000;non-churn;1962
14;complaints not received;35;1;14125;208;22;30;2;pay as you go;active;25;743.9850;669.5865;124.3985;non-churn;1963
0;complaints not received;35;0;2080;10;451;6;3;pay as you go;active;30;1887.6000;1698.8400;238.7600;non-churn;1964
0;complaints not received;34;0;14470;165;118;28;2;pay as you go;active;25;1189.5750;1070.6175;168.9575;non-churn;1965
0;complaints not received;34;0;5485;69;154;24;3;pay as you go;active;30;838.1600;754.3440;133.8160;non-churn;1966
0;complaints not received;34;0;0;0;0;0;2;pay as you go;non-active;25;0.0000;0.0000;60.0000;non-churn;1967
0;complaints not received;34;0;6493;110;352;41;2;pay as you go;active;25;1881.1350;1693.0215;238.1135;non-churn;1970
0;complaints not received;34;0;10450;137;0;45;3;pay as you go;active;30;423.4800;381.1320;92.3480;non-churn;1971
0;complaints not received;34;0;5703;58;76;35;2;pay as you go;active;25;601.2450;541.1205;110.1245;non-churn;1972
0;complaints received;30;0;0;0;0;0;2;pay as you go;non-active;25;0.0000;0.0000;60.0000;churn;1973
10;complaints not received;33;6;9420;76;0;40;4;pay as you go;active;45;237.4000;213.6600;73.7400;non-churn;1974
2;complaints received;33;0;4803;81;0;22;2;pay as you go;active;25;219.7800;197.8020;71.9780;churn;1975
0;complaints not received;31;0;1825;5;0;12;3;pay as you go;active;30;73.2000;65.8800;60.0000;non-churn;1976
0;complaints not received;32;0;1975;24;0;14;2;pay as you go;non-active;25;89.9550;80.9595;60.0000;churn;1977
0;complaints not received;33;0;1253;27;2;29;3;pay as you go;non-active;30;59.2000;53.2800;60.0000;churn;1978
0;complaints received;33;0;0;0;0;0;2;pay as you go;non-active;25;0.0000;0.0000;60.0000;churn;1979
0;complaints not received;33;0;653;8;0;4;3;pay as you go;active;30;26.4400;23.7960;60.0000;non-churn;1980
0;complaints not received;30;0;5770;80;0;20;4;pay as you go;active;45;146.2500;131.6250;64.6250;non-churn;1981
0;complaints not received;33;0;0;0;0;0;4;pay as you go;active;45;0.0000;0.0000;60.0000;non-churn;1983
14;complaints not received;28;1;15060;221;0;78;2;pay as you go;active;25;687.6450;618.8805;118.7645;non-churn;1984
0;complaints not received;31;1;5950;99;239;31;2;contractual;active;25;1347.7050;1212.9345;184.7705;non-churn;1985
0;complaints not received;33;0;2703;65;0;26;2;pay as you go;active;25;124.5600;112.1040;62.4560;non-churn;1986
0;complaints not received;32;0;650;27;6;18;3;pay as you go;non-active;30;51.0800;45.9720;60.0000;non-churn;1987
0;complaints not received;33;0;1765;36;143;21;2;pay as you go;active;25;724.5450;652.0905;122.4545;non-churn;1988
0;complaints not received;24;0;300;19;161;9;2;contractual;active;25;738.8550;664.9695;123.8855;non-churn;1989
0;complaints not received;23;0;553;22;0;66;4;pay as you go;active;45;14.3750;12.9375;60.0000;non-churn;1990
0;complaints not received;24;0;0;0;0;0;2;pay as you go;non-active;25;0.0000;0.0000;60.0000;non-churn;1991
0;complaints not received;22;0;210;15;0;11;2;pay as you go;active;25;10.1250;9.1125;60.0000;non-churn;1993
0;complaints not received;22;0;2210;44;0;21;3;pay as you go;active;30;90.1600;81.1440;60.0000;non-churn;1994
0;complaints not received;15;0;680;9;0;12;2;pay as you go;active;25;31.0050;27.9045;60.0000;non-churn;1995
5;complaints not received;14;0;5377;124;53;40;1;contractual;active;15;594.0550;534.6495;109.4055;non-churn;1996
1;complaints not received;12;0;7917;154;41;38;4;pay as you go;active;45;304.2750;273.8475;80.4275;non-churn;1997
0;complaints not received;13;1;1837;28;0;17;3;pay as you go;active;30;74.6000;67.1400;60.0000;non-churn;1998
0;complaints not received;6;0;3375;23;183;8;3;pay as you go;active;30;867.9200;781.1280;136.7920;non-churn;1999
0;complaints not received;6;0;472;2;0;5;2;pay as you go;active;25;21.3300;19.1970;60.0000;churn;2000
3;complaints not received;36;0;4065;65;0;15;2;pay as you go;active;25;185.8500;167.2650;68.5850;non-churn;2001
1;complaints not received;36;0;5613;89;0;10;2;pay as you go;active;25;256.5900;230.9310;75.6590;non-churn;2011
20;complaints not received;36;2;14835;219;47;30;3;pay as you go;active;30;790.1600;711.1440;129.0160;non-churn;2013
0;complaints not received;35;0;6195;80;179;24;3;pay as you go;active;30;967.0000;870.3000;146.7000;non-churn;2016
0;complaints received;35;0;0;0;0;0;2;pay as you go;non-active;25;0.0000;0.0000;60.0000;churn;2019
18;complaints not received;31;0;650;41;9;15;2;pay as you go;non-active;25;71.5950;64.4355;60.0000;churn;2023
0;complaints not received;32;0;2535;16;0;12;3;pay as you go;active;30;102.0400;91.8360;60.2040;non-churn;2026
4;complaints received;34;0;1963;38;27;29;3;pay as you go;non-active;30;188.0400;169.2360;68.8040;churn;2028
0;complaints received;34;0;323;1;2;2;4;pay as you go;non-active;45;13.1000;11.7900;60.0000;churn;2032
20;complaints not received;29;2;15770;232;0;78;2;pay as you go;active;25;720.0900;648.0810;122.0090;non-churn;2034
1;complaints not received;32;2;6660;110;264;31;2;contractual;active;25;1492.6500;1343.3850;199.2650;non-churn;2035
0;complaints not received;34;0;3413;76;0;26;2;pay as you go;active;25;157.0050;141.3045;65.7005;non-churn;2036
0;complaints not received;33;0;1360;38;31;18;3;pay as you go;non-active;30;179.9200;161.9280;67.9920;non-churn;2037
0;complaints not received;25;0;1010;30;186;9;2;contractual;active;25;883.8000;795.4200;138.3800;non-churn;2039
0;complaints not received;24;0;520;4;14;1;4;pay as you go;non-active;45;48.1000;43.2900;60.0000;non-churn;2042
5;complaints not received;23;0;920;26;12;11;2;pay as you go;active;25;96.5700;86.9130;60.0000;non-churn;2043
0;complaints not received;16;0;1390;20;21;12;2;pay as you go;active;25;157.9500;142.1550;65.7950;non-churn;2045
3;complaints not received;14;2;2547;39;24;17;3;pay as you go;active;30;199.4400;179.4960;69.9440;non-churn;2048
0;complaints not received;7;0;1182;13;0;5;2;pay as you go;active;25;53.7750;48.3975;60.0000;churn;2050
5;complaints not received;35;0;2148;54;352;22;2;pay as you go;active;25;1683.0900;1514.7810;218.3090;non-churn;2053
5;complaints not received;36;0;3893;60;0;33;1;pay as you go;active;15;217.4150;195.6735;71.7415;non-churn;2054
0;complaints not received;36;0;2055;33;278;16;3;pay as you go;active;30;1195.5200;1075.9680;169.5520;non-churn;2057
0;complaints not received;36;0;2790;21;476;6;3;pay as you go;active;30;2016.4400;1814.7960;251.6440;non-churn;2064
0;complaints not received;35;0;7203;121;377;41;2;pay as you go;active;25;2026.0800;1823.4720;252.6080;non-churn;2070
2;complaints not received;35;0;11160;148;4;45;3;pay as you go;active;30;468.3200;421.4880;96.8320;non-churn;2071
3;complaints not received;35;0;6413;69;101;35;2;pay as you go;active;25;746.1900;671.5710;124.6190;non-churn;2072
18;complaints received;31;0;650;41;9;15;2;pay as you go;non-active;25;71.5950;64.4355;60.0000;churn;2073
16;complaints not received;34;7;10130;87;0;40;4;pay as you go;active;45;255.4250;229.8825;75.5425;non-churn;2074
8;complaints not received;34;0;5513;92;19;22;2;pay as you go;active;25;337.7250;303.9525;83.7725;churn;2075
4;complaints received;33;0;2685;35;2;14;2;pay as you go;non-active;25;131.4000;118.2600;63.1400;churn;2077
0;complaints not received;34;0;1363;19;0;4;3;pay as you go;active;30;55.2800;49.7520;60.0000;non-churn;2080
0;complaints not received;31;0;6480;91;7;20;4;pay as you go;active;45;181.7750;163.5975;68.1775;non-churn;2081
0;complaints not received;24;0;1263;33;23;66;4;pay as you go;active;45;89.9000;80.9100;60.0000;non-churn;2090
6;complaints not received;25;0;395;19;3;5;2;pay as you go;non-active;25;32.1300;28.9170;60.0000;non-churn;2091
0;complaints not received;23;0;2920;55;1;21;3;pay as you go;active;30;123.0000;110.7000;62.3000;non-churn;2094
11;complaints not received;15;0;6087;135;78;40;1;contractual;active;15;771.2100;694.0890;127.1210;non-churn;2096
7;complaints not received;13;0;8627;165;66;38;4;pay as you go;active;45;384.8000;346.3200;88.4800;non-churn;2097
0;complaints not received;7;0;4085;34;208;8;3;pay as you go;active;30;996.7600;897.0840;149.6760;non-churn;2099
12;complaints not received;40;1;14078;175;7;46;3;pay as you go;active;30;598.1200;538.3080;109.8120;non-churn;2109
14;complaints received;40;0;2543;60;15;19;3;pay as you go;non-active;30;164.1200;147.7080;66.4120;non-churn;2112
9;complaints not received;40;2;3400;33;490;10;3;pay as you go;active;30;2097.3200;1887.5880;259.7320;non-churn;2114
7;complaints not received;40;0;1015;20;20;10;3;pay as you go;non-active;30;121.4000;109.2600;62.1400;non-churn;2118
5;complaints not received;39;0;305;6;7;2;2;pay as you go;non-active;25;45.4950;40.9455;60.0000;churn;2119
8;complaints not received;39;1;7813;133;391;45;3;pay as you go;active;30;1881.8400;1693.6560;238.1840;non-churn;2120
13;complaints not received;39;2;7023;81;115;39;2;pay as you go;active;25;837.1800;753.4620;133.7180;non-churn;2122
28;complaints not received;35;0;1260;53;23;19;3;pay as you go;non-active;30;144.5200;130.0680;64.4520;churn;2123
6;complaints not received;36;1;3145;28;7;16;3;pay as you go;active;30;154.9200;139.4280;65.4920;non-churn;2126
14;complaints received;37;0;3295;47;16;18;3;pay as you go;non-active;30;197.6800;177.9120;69.7680;churn;2127
6;complaints not received;38;1;1973;31;7;8;4;pay as you go;active;45;67.6000;60.8400;60.0000;non-churn;2130
8;complaints not received;35;2;7090;103;21;24;5;pay as you go;active;55;139.3950;125.4555;63.9395;non-churn;2131
5;complaints not received;38;0;933;13;16;6;4;pay as you go;non-active;45;63.6500;57.2850;60.0000;churn;2132
5;complaints not received;38;2;643;10;11;4;5;pay as you go;active;55;26.2950;23.6655;60.0000;non-churn;2133
7;complaints not received;38;1;4023;88;9;30;3;pay as you go;active;30;200.4400;180.3960;70.0440;non-churn;2136
11;complaints not received;38;1;3085;59;182;25;2;pay as you go;active;25;960.4800;864.4320;146.0480;non-churn;2138
9;complaints not received;29;2;1620;42;200;13;3;contractual;active;30;866.4800;779.8320;136.6480;non-churn;2139
15;complaints not received;27;1;1530;38;26;15;2;pay as you go;active;25;187.5600;168.8040;68.7560;non-churn;2143
7;complaints not received;27;1;3530;67;15;25;3;pay as you go;active;30;203.8800;183.4920;70.3880;non-churn;2144
21;complaints not received;19;2;6698;147;92;44;2;contractual;active;25;722.0250;649.8225;122.2025;non-churn;2146
17;complaints not received;17;1;9238;177;80;42;5;pay as you go;active;55;261.2250;235.1025;76.1225;non-churn;2147
13;complaints not received;18;4;3158;51;38;21;3;contractual;active;30;280.3600;252.3240;78.0360;non-churn;2148
8;complaints received;11;2;1793;25;7;9;3;pay as you go;active;30;100.7200;90.6480;60.0720;churn;2150
16;complaints not received;42;2;4735;80;17;21;3;pay as you go;active;30;260.6000;234.5400;76.0600;non-churn;2151
8;complaints not received;43;2;683;14;19;8;3;pay as you go;active;30;103.8800;93.4920;60.3880;non-churn;2152
18;complaints not received;41;2;2818;69;371;28;3;pay as you go;active;30;1599.4800;1439.5320;209.9480;non-churn;2153
18;complaints not received;42;2;4563;75;13;39;1;pay as you go;active;15;326.5900;293.9310;82.6590;non-churn;2154
11;complaints not received;42;2;2758;67;14;37;2;pay as you go;active;25;190.1250;171.1125;69.0125;non-churn;2155
19;complaints not received;42;3;4140;91;44;32;3;pay as you go;active;30;345.2400;310.7160;84.5240;non-churn;2156
12;complaints not received;42;2;2725;48;297;22;4;pay as you go;active;45;811.8250;730.6425;131.1825;non-churn;2157
21;complaints not received;41;4;9480;130;156;47;3;pay as you go;active;30;1008.4000;907.5600;150.8400;non-churn;2158
15;complaints not received;42;2;14138;178;12;48;3;pay as you go;active;30;620.6400;558.5760;112.0640;non-churn;2159
15;complaints not received;42;3;4880;92;14;29;4;pay as you go;active;45;159.3000;143.3700;65.9300;non-churn;2160
14;complaints not received;42;2;6283;104;19;16;3;pay as you go;active;30;331.4800;298.3320;83.1480;non-churn;2161
17;complaints not received;42;2;2603;63;20;21;4;pay as you go;active;45;116.6500;104.9850;61.6650;non-churn;2162
33;complaints not received;42;5;15505;234;66;36;3;contractual;active;30;893.5600;804.2040;139.3560;non-churn;2163
12;complaints not received;42;3;3460;36;495;12;4;pay as you go;active;45;1324.9000;1192.4100;182.4900;non-churn;2164
17;complaints not received;41;2;15850;191;162;34;2;pay as you go;active;25;1450.8450;1305.7605;195.0845;non-churn;2165
11;complaints not received;41;3;6865;95;198;30;3;pay as you go;active;30;1070.4000;963.3600;157.0400;non-churn;2166
8;complaints not received;41;2;1240;23;12;15;2;pay as you go;active;25;110.8350;99.7515;61.0835;non-churn;2167
10;complaints not received;42;2;1075;23;25;12;3;pay as you go;active;30;143.9200;129.5280;64.3920;non-churn;2168
8;complaints not received;41;2;365;9;12;4;3;pay as you go;active;30;62.9600;56.6640;60.0000;churn;2169
11;complaints not received;41;2;7873;136;396;47;3;pay as you go;active;30;1904.3600;1713.9240;240.4360;non-churn;2170
15;complaints not received;41;3;11830;163;23;51;4;pay as you go;active;45;357.3250;321.5925;85.7325;non-churn;2171
16;complaints not received;41;3;7083;84;120;41;2;pay as you go;active;25;862.5150;776.2635;136.2515;non-churn;2172
31;complaints received;37;2;1320;56;28;21;3;pay as you go;active;30;167.0400;150.3360;66.7040;churn;2173
29;complaints received;40;10;10800;102;13;46;5;contractual;active;55;183.0300;164.7270;68.3030;non-churn;2174
21;complaints not received;40;3;6183;107;38;28;3;pay as you go;active;30;403.6000;363.2400;90.3600;non-churn;2175
9;complaints not received;38;2;3205;31;12;18;3;pay as you go;active;30;177.4400;159.6960;67.7440;non-churn;2176
17;complaints received;39;2;3355;50;21;20;3;pay as you go;active;30;220.2000;198.1800;72.0200;churn;2177
17;complaints not received;40;2;2633;53;46;35;4;pay as you go;active;45;182.1500;163.9350;68.2150;churn;2178
8;complaints not received;40;2;498;11;12;6;3;pay as you go;active;30;68.3600;61.5240;60.0000;churn;2179
9;complaints not received;40;2;2033;34;12;10;4;pay as you go;active;45;81.6750;73.5075;60.0000;non-churn;2180
11;complaints not received;37;3;7150;106;26;26;5;pay as you go;active;55;147.8400;133.0560;64.7840;non-churn;2181
8;complaints received;40;2;993;16;21;8;4;pay as you go;active;45;77.7250;69.9525;60.0000;churn;2182
8;complaints not received;40;3;703;13;16;6;5;pay as you go;active;55;34.7400;31.2660;60.0000;non-churn;2183
33;complaints not received;35;5;16440;247;12;84;2;contractual;active;25;804.9150;724.4235;130.4915;non-churn;2184
14;complaints not received;38;5;7330;125;283;37;3;contractual;active;30;1430.2000;1287.1800;193.0200;non-churn;2185
10;complaints not received;40;2;4083;91;14;32;3;pay as you go;active;30;222.9600;200.6640;72.2960;non-churn;2186
11;complaints not received;39;2;2030;53;50;24;4;pay as you go;active;45;177.0750;159.3675;67.7075;non-churn;2187
14;complaints not received;40;2;3145;62;187;27;2;pay as you go;active;25;985.8150;887.2335;148.5815;non-churn;2188
12;complaints not received;31;3;1680;45;205;15;3;contractual;active;30;889.0000;800.1000;138.9000;non-churn;2189
12;complaints not received;30;2;1933;48;42;72;5;pay as you go;active;55;92.7150;83.4435;60.0000;non-churn;2190
19;complaints not received;31;2;1065;34;22;11;3;pay as you go;active;30;131.9600;118.7640;63.1960;non-churn;2191
8;complaints not received;30;2;1190;19;33;7;4;pay as you go;active;45;112.7250;101.4525;61.2725;non-churn;2192
18;complaints not received;29;2;1590;41;31;17;2;pay as you go;active;25;212.8950;191.6055;71.2895;non-churn;2193
10;complaints not received;29;2;3590;70;20;27;3;pay as you go;active;30;226.4000;203.7600;72.6400;non-churn;2194
10;complaints not received;22;2;2060;35;40;18;3;pay as you go;active;30;243.8000;219.4200;74.3800;non-churn;2195
24;complaints not received;21;3;6758;150;97;46;2;contractual;active;25;747.3600;672.6240;124.7360;non-churn;2196
20;complaints not received;19;2;9298;180;85;44;5;pay as you go;active;55;269.6700;242.7030;76.9670;non-churn;2197
16;complaints not received;20;5;3218;54;43;23;3;contractual;active;30;302.8800;272.5920;80.2880;non-churn;2198
10;complaints not received;13;3;4755;49;227;14;3;pay as you go;active;30;1100.1600;990.1440;160.0160;non-churn;2199
11;complaints received;13;3;1853;28;12;11;3;pay as you go;active;30;123.2400;110.9160;62.3240;churn;2200
10;complaints not received;38;1;4615;74;7;17;3;pay as you go;active;30;215.5600;194.0040;71.5560;non-churn;2201
5;complaints not received;39;0;563;8;9;4;3;pay as you go;non-active;30;58.8400;52.9560;60.0000;non-churn;2202
12;complaints not received;37;1;2698;63;361;24;3;pay as you go;active;30;1554.4400;1398.9960;205.4440;non-churn;2203
12;complaints not received;38;1;4443;69;7;35;1;pay as you go;active;15;286.6600;257.9940;78.6660;non-churn;2204
5;complaints not received;38;1;2638;61;7;33;2;pay as you go;active;25;152.9550;137.6595;65.2955;non-churn;2205
13;complaints not received;38;1;4020;85;34;28;3;pay as you go;active;30;300.2000;270.1800;80.0200;non-churn;2206
6;complaints not received;38;1;2605;42;287;18;3;pay as you go;active;30;1253.8800;1128.4920;175.3880;non-churn;2207
15;complaints not received;37;2;9360;124;146;43;3;pay as you go;active;30;963.3600;867.0240;146.3360;non-churn;2208
9;complaints not received;38;1;14018;172;7;44;3;pay as you go;active;30;595.6000;536.0400;109.5600;non-churn;2209
9;complaints not received;38;1;4760;86;7;25;3;pay as you go;active;30;221.8400;199.6560;72.1840;non-churn;2210
8;complaints not received;38;1;6163;98;9;12;3;pay as you go;active;30;286.4400;257.7960;78.6440;non-churn;2211
11;complaints not received;38;0;2483;57;10;17;3;pay as you go;non-active;30;141.6000;127.4400;64.1600;non-churn;2212
27;complaints not received;38;3;15385;228;56;32;3;pay as you go;active;30;848.5200;763.6680;134.8520;non-churn;2213
6;complaints not received;38;1;3340;30;485;8;3;pay as you go;active;30;2074.8000;1867.3200;257.4800;non-churn;2214
11;complaints not received;37;1;15730;185;152;30;2;pay as you go;active;25;1400.1750;1260.1575;190.0175;non-churn;2215
5;complaints not received;37;1;6745;89;188;26;3;pay as you go;active;30;1025.3600;922.8240;152.5360;non-churn;2216
5;complaints not received;37;0;1120;17;7;11;2;pay as you go;non-active;25;82.6650;74.3985;60.0000;non-churn;2217
5;complaints not received;38;0;955;17;15;8;3;pay as you go;non-active;30;98.8800;88.9920;60.0000;non-churn;2218
5;complaints not received;37;0;305;6;7;2;2;pay as you go;non-active;25;45.4950;40.9455;60.0000;churn;2219
5;complaints not received;37;1;7753;130;386;43;3;pay as you go;active;30;1859.3200;1673.3880;235.9320;non-churn;2220
9;complaints not received;37;1;11710;157;13;47;4;pay as you go;active;45;329.1750;296.2575;82.9175;non-churn;2221
10;complaints not received;37;1;6963;78;110;37;2;pay as you go;active;25;811.8450;730.6605;131.1845;non-churn;2222
25;complaints received;33;0;1200;50;18;17;3;pay as you go;non-active;30;122.0000;109.8000;62.2000;churn;2223
23;complaints not received;36;8;10680;96;7;42;5;pay as you go;active;55;172.1400;154.9260;67.2140;non-churn;2224
15;complaints not received;36;1;6063;101;28;24;2;pay as you go;active;25;403.3800;363.0420;90.3380;non-churn;2225
5;complaints not received;34;1;3085;25;7;14;3;pay as you go;active;30;152.4000;137.1600;65.2400;non-churn;2226
11;complaints not received;35;0;3235;44;11;16;3;pay as you go;non-active;30;175.1600;157.6440;67.5160;churn;2227
11;complaints received;36;0;2513;47;36;31;3;pay as you go;non-active;30;246.4000;221.7600;74.6400;churn;2228
5;complaints not received;36;0;305;6;7;2;3;pay as you go;non-active;30;40.4400;36.3960;60.0000;churn;2229
5;complaints not received;36;1;1913;28;7;6;4;pay as you go;active;45;66.0250;59.4225;60.0000;non-churn;2230
5;complaints not received;33;1;7030;100;16;22;5;pay as you go;active;55;130.9500;117.8550;63.0950;non-churn;2231
5;complaints not received;36;0;873;10;11;4;4;pay as you go;non-active;45;49.5750;44.6175;60.0000;churn;2232
5;complaints not received;36;1;305;6;7;2;5;pay as you go;active;55;15.1650;13.6485;60.0000;non-churn;2233
27;complaints not received;31;3;16320;241;7;80;2;pay as you go;active;25;776.7450;699.0705;127.6745;non-churn;2234
8;complaints not received;34;3;7210;119;273;33;2;contractual;active;25;1558.3050;1402.4745;205.8305;non-churn;2235
5;complaints not received;36;1;3963;85;7;28;3;pay as you go;active;30;189.9200;170.9280;68.9920;non-churn;2236
5;complaints not received;35;0;1910;47;40;20;3;pay as you go;non-active;30;238.2800;214.4520;73.8280;non-churn;2237
8;complaints not received;36;1;3025;56;177;23;2;pay as you go;active;25;935.1450;841.6305;143.5145;non-churn;2238
6;complaints not received;27;1;1560;39;195;11;2;contractual;active;25;949.4550;854.5095;144.9455;non-churn;2239
6;complaints not received;26;1;1813;42;32;68;4;pay as you go;active;45;126.3750;113.7375;62.6375;non-churn;2240
13;complaints not received;27;0;945;28;12;7;3;pay as you go;non-active;30;86.9200;78.2280;60.0000;non-churn;2241
5;complaints not received;26;0;1070;13;23;3;4;pay as you go;non-active;45;84.5750;76.1175;60.0000;non-churn;2242
12;complaints not received;25;1;1470;35;21;13;2;pay as you go;active;25;162.2250;146.0025;66.2225;non-churn;2243
5;complaints not received;25;1;3470;64;10;23;3;pay as you go;active;30;181.3600;163.2240;68.1360;non-churn;2244
5;complaints not received;18;1;1940;29;30;14;2;pay as you go;active;25;223.6050;201.2445;72.3605;non-churn;2245
18;complaints not received;17;1;6638;144;87;42;2;contractual;active;25;696.6900;627.0210;119.6690;non-churn;2246
14;complaints not received;15;1;9178;174;75;40;5;pay as you go;active;55;252.7800;227.5020;75.2780;non-churn;2247
10;complaints not received;16;3;3098;48;33;19;3;pay as you go;active;30;257.8400;232.0560;75.7840;non-churn;2248
5;complaints not received;9;1;4635;43;217;10;3;pay as you go;active;30;1055.1200;949.6080;155.5120;non-churn;2249
5;complaints received;9;1;1733;22;7;7;3;pay as you go;active;30;98.2000;88.3800;60.0000;churn;2250
14;complaints not received;44;2;4755;79;22;23;3;pay as you go;active;30;281.3600;253.2240;78.1360;non-churn;2251
6;complaints not received;45;0;703;13;24;10;3;pay as you go;non-active;30;124.6400;112.1760;62.4640;non-churn;2252
16;complaints not received;43;2;2838;68;376;30;3;pay as you go;active;30;1620.2400;1458.2160;212.0240;non-churn;2253
16;complaints not received;44;2;4583;74;18;41;1;pay as you go;active;15;355.1350;319.6215;85.5135;non-churn;2254
9;complaints not received;44;2;2778;66;19;39;2;pay as you go;active;25;213.4800;192.1320;71.3480;non-churn;2255
17;complaints not received;44;3;4160;90;49;34;3;pay as you go;active;30;366.0000;329.4000;86.6000;non-churn;2256
10;complaints not received;44;2;2745;47;302;24;4;pay as you go;active;45;824.8000;742.3200;132.4800;non-churn;2257
19;complaints not received;43;4;9500;129;161;49;3;pay as you go;active;30;1029.1600;926.2440;152.9160;non-churn;2258
13;complaints not received;44;2;14158;177;17;50;3;pay as you go;active;30;641.4000;577.2600;114.1400;non-churn;2259
13;complaints not received;44;3;4900;91;19;31;3;pay as you go;active;30;275.6400;248.0760;77.5640;non-churn;2260
12;complaints not received;44;2;6303;103;24;18;3;pay as you go;active;30;352.2400;317.0160;85.2240;non-churn;2261
15;complaints received;44;0;2623;62;25;23;3;pay as you go;non-active;30;207.4000;186.6600;70.7400;non-churn;2262
31;complaints not received;44;5;15525;233;71;38;3;pay as you go;active;30;914.3200;822.8880;141.4320;non-churn;2263
10;complaints not received;44;3;3480;35;500;14;4;pay as you go;active;45;1337.8750;1204.0875;183.7875;non-churn;2264
15;complaints not received;43;2;15870;190;167;36;2;pay as you go;active;25;1474.2000;1326.7800;197.4200;non-churn;2265
9;complaints not received;43;3;6885;94;203;32;3;pay as you go;active;30;1091.1600;982.0440;159.1160;non-churn;2266
6;complaints not received;43;0;1260;22;17;17;2;pay as you go;non-active;25;134.1900;120.7710;63.4190;non-churn;2267
8;complaints not received;44;0;1095;22;30;14;3;pay as you go;non-active;30;164.6800;148.2120;66.4680;non-churn;2268
6;complaints not received;43;0;385;8;17;6;2;pay as you go;non-active;25;94.1850;84.7665;60.0000;churn;2269
9;complaints not received;43;2;7893;135;401;49;3;pay as you go;active;30;1925.1200;1732.6080;242.5120;non-churn;2270
13;complaints not received;43;3;11850;162;28;53;4;pay as you go;active;45;370.3000;333.2700;87.0300;non-churn;2271
14;complaints not received;43;3;7103;83;125;43;2;pay as you go;active;25;885.8700;797.2830;138.5870;non-churn;2272
29;complaints received;39;0;1340;55;33;23;3;pay as you go;non-active;30;187.8000;169.0200;68.7800;churn;2273
27;complaints not received;42;10;10820;101;18;48;5;pay as you go;active;55;190.8150;171.7335;69.0815;non-churn;2274
19;complaints not received;42;3;6203;106;43;30;3;pay as you go;active;30;424.3600;381.9240;92.4360;non-churn;2275
7;complaints not received;40;2;3225;30;17;20;3;pay as you go;active;30;198.2000;178.3800;69.8200;non-churn;2276
15;complaints received;41;0;3375;49;26;22;3;pay as you go;non-active;30;240.9600;216.8640;74.0960;churn;2277
15;complaints received;42;0;2653;52;51;37;4;pay as you go;non-active;45;195.1250;175.6125;69.5125;churn;2278
6;complaints not received;42;0;518;10;17;8;3;pay as you go;non-active;30;89.1200;80.2080;60.0000;churn;2279
7;complaints not received;42;2;2053;33;17;12;4;pay as you go;active;45;94.6500;85.1850;60.0000;non-churn;2280
9;complaints not received;39;3;7170;105;31;28;5;pay as you go;active;55;155.6250;140.0625;65.5625;non-churn;2281
6;complaints received;42;0;1013;15;26;10;4;pay as you go;non-active;45;90.7000;81.6300;60.0000;churn;2282
6;complaints not received;42;3;723;12;21;8;5;pay as you go;active;55;42.5250;38.2725;60.0000;non-churn;2283
31;complaints not received;37;5;16460;246;17;86;2;pay as you go;active;25;828.2700;745.4430;132.8270;non-churn;2284
12;complaints not received;40;5;7350;124;288;39;3;contractual;active;30;1450.9600;1305.8640;195.0960;non-churn;2285
8;complaints not received;42;2;4103;90;19;34;3;pay as you go;active;30;243.7200;219.3480;74.3720;non-churn;2286
9;complaints received;41;0;2050;52;55;26;4;pay as you go;non-active;45;190.0500;171.0450;69.0050;non-churn;2287
12;complaints not received;42;2;3165;61;192;29;2;pay as you go;active;25;1009.1700;908.2530;150.9170;non-churn;2288
10;complaints not received;33;3;1700;44;210;17;3;contractual;active;30;909.7600;818.7840;140.9760;non-churn;2289
10;complaints not received;32;2;1953;47;47;74;5;pay as you go;active;55;100.5000;90.4500;60.0500;non-churn;2290
17;complaints not received;33;0;1085;33;27;13;3;pay as you go;non-active;30;152.7200;137.4480;65.2720;non-churn;2291
6;complaints not received;32;0;1210;18;38;9;4;pay as you go;non-active;45;125.7000;113.1300;62.5700;non-churn;2292
16;complaints not received;31;2;1610;40;36;19;2;pay as you go;active;25;236.2500;212.6250;73.6250;non-churn;2293
8;complaints not received;31;2;3610;69;25;29;3;pay as you go;active;30;247.1600;222.4440;74.7160;non-churn;2294
8;complaints not received;24;2;2080;34;45;20;3;pay as you go;active;30;264.5600;238.1040;76.4560;non-churn;2295
22;complaints not received;23;3;6778;149;102;48;2;contractual;active;25;770.7150;693.6435;127.0715;non-churn;2296
18;complaints not received;21;2;9318;179;90;46;5;pay as you go;active;55;277.4550;249.7095;77.7455;non-churn;2297
14;complaints not received;22;5;3238;53;48;25;3;contractual;active;30;323.6400;291.2760;82.3640;non-churn;2298
8;complaints not received;15;3;4775;48;232;16;3;pay as you go;active;30;1120.9200;1008.8280;162.0920;non-churn;2299
9;complaints received;15;3;1873;27;17;13;3;pay as you go;active;30;144.0000;129.6000;64.4000;churn;2300
12;complaints not received;36;1;4595;75;7;15;3;pay as you go;active;30;214.8000;193.3200;71.4800;non-churn;2301
5;complaints not received;37;0;305;6;7;2;3;pay as you go;non-active;30;40.4400;36.3960;60.0000;non-churn;2302
14;complaints not received;35;1;2678;64;356;22;3;pay as you go;active;30;1533.6800;1380.3120;203.3680;non-churn;2303
14;complaints not received;36;1;4423;70;7;33;2;pay as you go;active;25;233.6850;210.3165;73.3685;non-churn;2304
7;complaints not received;36;1;2618;62;7;31;2;pay as you go;active;25;152.1000;136.8900;65.2100;non-churn;2305
15;complaints not received;36;1;4000;86;29;26;3;pay as you go;active;30;279.4400;251.4960;77.9440;non-churn;2306
8;complaints not received;36;1;2585;43;282;16;3;pay as you go;active;30;1233.1200;1109.8080;173.3120;non-churn;2307
17;complaints not received;35;2;9340;125;141;41;3;pay as you go;active;30;942.6000;848.3400;144.2600;non-churn;2308
11;complaints not received;36;1;13998;173;7;42;3;pay as you go;active;30;594.8400;535.3560;109.4840;non-churn;2309
11;complaints not received;36;1;4740;87;7;23;3;pay as you go;active;30;221.0800;198.9720;72.1080;non-churn;2310
10;complaints not received;36;1;6143;99;7;10;3;pay as you go;active;30;277.6800;249.9120;77.7680;non-churn;2311
13;complaints not received;36;0;2463;58;7;15;3;pay as you go;non-active;30;128.8400;115.9560;62.8840;non-churn;2312
29;complaints not received;36;3;15365;229;51;30;3;pay as you go;active;30;827.7600;744.9840;132.7760;non-churn;2313
8;complaints not received;36;1;3320;31;480;6;3;pay as you go;active;30;2054.0400;1848.6360;255.4040;non-churn;2314
13;complaints not received;35;1;15710;186;147;28;2;pay as you go;active;25;1376.8200;1239.1380;187.6820;non-churn;2315
7;complaints not received;35;1;6725;90;183;24;3;pay as you go;active;30;1004.6000;904.1400;150.4600;non-churn;2316
5;complaints not received;35;0;1100;18;7;9;2;pay as you go;non-active;25;81.8100;73.6290;60.0000;non-churn;2317
6;complaints not received;36;0;935;18;10;6;3;pay as you go;non-active;30;78.1200;70.3080;60.0000;non-churn;2318
5;complaints not received;35;0;305;6;7;2;2;pay as you go;non-active;25;45.4950;40.9455;60.0000;churn;2319
7;complaints not received;35;1;7733;131;381;41;3;pay as you go;active;30;1838.5600;1654.7040;233.8560;non-churn;2320
11;complaints not received;35;1;11690;158;8;45;4;pay as you go;active;45;316.2000;284.5800;81.6200;non-churn;2321
12;complaints not received;35;1;6943;79;105;35;2;pay as you go;active;25;788.4900;709.6410;128.8490;non-churn;2322
27;complaints received;31;0;1180;51;13;15;3;pay as you go;non-active;30;101.2400;91.1160;60.1240;churn;2323
25;complaints not received;34;8;10660;97;7;40;5;pay as you go;active;55;171.8550;154.6695;67.1855;non-churn;2324
17;complaints not received;34;1;6043;102;23;22;2;pay as you go;active;25;380.0250;342.0225;88.0025;non-churn;2325
5;complaints not received;32;1;3065;26;7;12;3;pay as you go;active;30;151.6400;136.4760;65.1640;non-churn;2326
13;complaints received;33;0;3215;45;7;14;3;pay as you go;non-active;30;158.4000;142.5600;65.8400;churn;2327
13;complaints received;34;0;2493;48;31;29;3;pay as you go;non-active;30;225.6400;203.0760;72.5640;churn;2328
5;complaints not received;34;0;305;6;7;2;3;pay as you go;non-active;30;40.4400;36.3960;60.0000;churn;2329
5;complaints not received;34;1;1893;29;7;4;4;pay as you go;active;45;65.5500;58.9950;60.0000;non-churn;2330
7;complaints not received;31;1;7010;101;11;20;5;pay as you go;active;55;123.1650;110.8485;62.3165;non-churn;2331
5;complaints not received;34;0;305;6;7;2;4;pay as you go;non-active;45;25.2750;22.7475;60.0000;churn;2332
5;complaints not received;34;1;305;6;7;2;5;pay as you go;active;55;15.1650;13.6485;60.0000;non-churn;2333
29;complaints not received;29;3;16300;242;7;78;2;pay as you go;active;25;775.8900;698.3010;127.5890;non-churn;2334
10;complaints not received;32;3;7190;120;268;31;3;contractual;active;30;1364.4000;1227.9600;186.4400;non-churn;2335
6;complaints not received;34;1;3943;86;7;26;3;pay as you go;active;30;189.1600;170.2440;68.9160;non-churn;2336
7;complaints not received;33;0;1890;48;35;18;3;pay as you go;non-active;30;217.5200;195.7680;71.7520;non-churn;2337
10;complaints not received;34;1;3005;57;172;21;2;pay as you go;active;25;911.7900;820.6110;141.1790;non-churn;2338
8;complaints not received;25;1;1540;40;190;9;3;contractual;active;30;823.2000;740.8800;132.3200;non-churn;2339
8;complaints not received;24;1;1793;43;27;66;4;pay as you go;active;45;113.4000;102.0600;61.3400;non-churn;2340
15;complaints not received;25;0;925;29;7;5;3;pay as you go;non-active;30;66.1600;59.5440;60.0000;non-churn;2341
5;complaints not received;24;0;305;6;18;2;4;pay as you go;non-active;45;52.7750;47.4975;60.0000;non-churn;2342
14;complaints not received;23;1;1450;36;16;11;2;pay as you go;active;25;138.8700;124.9830;63.8870;non-churn;2343
6;complaints not received;23;1;3450;65;7;21;3;pay as you go;active;30;168.6000;151.7400;66.8600;non-churn;2344
6;complaints not received;16;1;1920;30;25;12;2;pay as you go;active;25;200.2500;180.2250;70.0250;non-churn;2345
20;complaints not received;15;1;6618;145;82;40;2;contractual;active;25;673.3350;606.0015;117.3335;non-churn;2346
16;complaints not received;13;1;9158;175;70;38;5;pay as you go;active;55;244.9950;220.4955;74.4995;non-churn;2347
12;complaints not received;14;3;3078;49;28;17;3;pay as you go;active;30;237.0800;213.3720;73.7080;non-churn;2348
6;complaints not received;7;1;4615;44;212;8;3;pay as you go;active;30;1034.3600;930.9240;153.4360;non-churn;2349
7;complaints received;7;1;1713;23;7;5;3;pay as you go;active;30;97.4400;87.6960;60.0000;churn;2350
18;complaints not received;46;2;4935;87;27;25;3;pay as you go;active;30;308.8800;277.9920;80.8880;non-churn;2351
10;complaints not received;47;0;883;21;29;12;3;pay as you go;non-active;30;152.1600;136.9440;65.2160;non-churn;2352
20;complaints not received;45;2;3018;76;381;32;3;pay as you go;active;30;1647.7600;1482.9840;214.7760;non-churn;2353
20;complaints not received;46;2;4763;82;23;43;1;pay as you go;active;15;392.9750;353.6775;89.2975;non-churn;2354
13;complaints not received;46;2;2958;74;24;41;2;pay as you go;active;25;244.4400;219.9960;74.4440;non-churn;2355
21;complaints not received;46;3;4340;98;54;36;3;pay as you go;active;30;393.5200;354.1680;89.3520;non-churn;2356
14;complaints not received;46;2;2925;55;307;26;4;pay as you go;active;45;842.0000;757.8000;134.2000;non-churn;2357
23;complaints not received;45;4;9680;137;166;51;3;pay as you go;active;30;1056.6800;951.0120;155.6680;non-churn;2358
17;complaints not received;46;2;14338;185;22;52;3;pay as you go;active;30;668.9200;602.0280;116.8920;non-churn;2359
17;complaints not received;46;3;5080;99;24;33;4;pay as you go;active;45;189.4750;170.5275;68.9475;non-churn;2360
16;complaints not received;46;2;6483;111;29;20;3;pay as you go;active;30;379.7600;341.7840;87.9760;non-churn;2361
19;complaints not received;46;0;2803;70;30;25;4;pay as you go;non-active;45;146.8250;132.1425;64.6825;non-churn;2362
35;complaints not received;46;5;15705;241;76;40;3;pay as you go;active;30;941.8400;847.6560;144.1840;non-churn;2363
14;complaints not received;46;3;3660;43;505;16;4;pay as you go;active;45;1355.0750;1219.5675;185.5075;non-churn;2364
19;complaints not received;45;2;16050;198;172;38;2;pay as you go;active;25;1505.1600;1354.6440;200.5160;non-churn;2365
13;complaints not received;45;3;7065;102;208;34;4;pay as you go;active;45;699.1750;629.2575;119.9175;non-churn;2366
10;complaints not received;45;0;1440;30;22;19;3;pay as you go;non-active;30;146.8000;132.1200;64.6800;non-churn;2367
12;complaints not received;46;0;1275;30;35;16;3;pay as you go;non-active;30;192.2000;172.9800;69.2200;non-churn;2368
10;complaints not received;45;0;565;16;22;8;3;pay as you go;non-active;30;111.2400;100.1160;61.1240;churn;2369
13;complaints not received;45;2;8073;143;406;51;3;pay as you go;active;30;1952.6400;1757.3760;245.2640;non-churn;2370
17;complaints not received;45;3;12030;170;33;55;4;pay as you go;active;45;387.5000;348.7500;88.7500;non-churn;2371
18;complaints not received;45;3;7283;91;130;45;2;pay as you go;active;25;916.8300;825.1470;141.6830;non-churn;2372
33;complaints received;41;0;1520;63;38;25;3;pay as you go;non-active;30;215.3200;193.7880;71.5320;churn;2373
31;complaints not received;44;10;11000;109;23;50;5;pay as you go;active;55;201.1350;181.0215;70.1135;non-churn;2374
23;complaints not received;44;3;6383;114;48;32;3;pay as you go;active;30;451.8800;406.6920;95.1880;non-churn;2375
11;complaints not received;42;2;3405;38;22;22;4;pay as you go;active;45;141.0750;126.9675;64.1075;non-churn;2376
19;complaints received;43;0;3555;57;31;24;3;pay as you go;non-active;30;268.4800;241.6320;76.8480;churn;2377
19;complaints received;44;0;2833;60;56;39;4;pay as you go;non-active;45;212.3250;191.0925;71.2325;churn;2378
10;complaints not received;44;0;698;18;22;10;3;pay as you go;non-active;30;116.6400;104.9760;61.6640;churn;2379
11;complaints not received;44;2;2233;41;22;14;4;pay as you go;active;45;111.8500;100.6650;61.1850;non-churn;2380
13;complaints not received;41;3;7350;113;36;30;5;pay as you go;active;55;165.9450;149.3505;66.5945;non-churn;2381
10;complaints received;44;0;1193;23;31;12;4;pay as you go;non-active;45;107.9000;97.1100;60.7900;churn;2382
10;complaints not received;44;3;903;20;26;10;5;pay as you go;active;55;52.8450;47.5605;60.0000;non-churn;2383
35;complaints not received;39;5;16640;254;22;88;2;contractual;active;25;859.2300;773.3070;135.9230;non-churn;2384
16;complaints received;42;5;7530;132;293;41;3;contractual;active;30;1478.4800;1330.6320;197.8480;non-churn;2385
12;complaints not received;44;2;4283;98;24;36;3;pay as you go;active;30;271.2400;244.1160;77.1240;non-churn;2386
13;complaints not received;43;0;2230;60;60;28;4;pay as you go;non-active;45;207.2500;186.5250;70.7250;non-churn;2387
16;complaints not received;44;2;3345;69;197;31;2;pay as you go;active;25;1040.1300;936.1170;154.0130;non-churn;2388
14;complaints not received;35;3;1880;52;215;19;3;contractual;active;30;937.2800;843.5520;143.7280;non-churn;2389
14;complaints not received;34;2;2133;55;52;76;5;pay as you go;active;55;110.8200;99.7380;61.0820;non-churn;2390
21;complaints not received;35;0;1265;41;32;15;3;pay as you go;non-active;30;180.2400;162.2160;68.0240;non-churn;2391
10;complaints not received;34;0;1390;26;43;11;4;pay as you go;non-active;45;142.9000;128.6100;64.2900;non-churn;2392
20;complaints not received;33;2;1790;48;41;21;2;pay as you go;active;25;267.2100;240.4890;76.7210;non-churn;2393
12;complaints not received;33;2;3790;77;30;31;4;pay as you go;active;45;171.6750;154.5075;67.1675;non-churn;2394
12;complaints not received;26;2;2260;42;50;22;3;pay as you go;active;30;292.0800;262.8720;79.2080;non-churn;2395
26;complaints not received;25;3;6958;157;107;50;2;contractual;active;25;801.6750;721.5075;130.1675;non-churn;2396
22;complaints not received;23;2;9498;187;95;48;5;pay as you go;active;55;287.7750;258.9975;78.7775;non-churn;2397
18;complaints not received;24;5;3418;61;53;27;4;contractual;active;45;219.4750;197.5275;71.9475;non-churn;2398
12;complaints not received;17;3;4955;56;237;18;3;pay as you go;active;30;1148.4400;1033.5960;164.8440;non-churn;2399
13;complaints not received;17;3;2053;35;22;15;3;pay as you go;active;30;171.5200;154.3680;67.1520;churn;2400
8;complaints not received;34;1;4415;67;7;13;3;pay as you go;active;30;207.2800;186.5520;70.7280;non-churn;2401
5;complaints not received;35;0;305;6;7;2;2;pay as you go;non-active;25;45.4950;40.9455;60.0000;non-churn;2402
10;complaints not received;33;1;2498;56;351;20;3;pay as you go;active;30;1506.1600;1355.5440;200.6160;non-churn;2403
10;complaints not received;34;1;4243;62;7;31;2;pay as you go;active;25;225.2250;202.7025;72.5225;non-churn;2404
5;complaints not received;34;1;2438;54;7;29;1;pay as you go;active;15;175.5600;158.0040;67.5560;non-churn;2405
11;complaints not received;34;1;3820;78;24;24;3;pay as you go;active;30;251.9200;226.7280;75.1920;non-churn;2406
5;complaints not received;34;1;2405;35;277;14;3;pay as you go;active;30;1205.6000;1085.0400;170.5600;non-churn;2407
13;complaints not received;33;2;9160;117;136;39;3;pay as you go;active;30;915.0800;823.5720;141.5080;non-churn;2408
7;complaints not received;34;1;13818;165;7;40;3;pay as you go;active;30;587.3200;528.5880;108.7320;non-churn;2409
7;complaints not received;34;1;4560;79;7;21;3;pay as you go;active;30;213.5600;192.2040;71.3560;non-churn;2410
6;complaints not received;34;1;5963;91;7;8;3;pay as you go;active;30;270.1600;243.1440;77.0160;non-churn;2411
9;complaints not received;34;0;2283;50;7;13;3;pay as you go;non-active;30;121.3200;109.1880;62.1320;non-churn;2412
25;complaints not received;34;3;15185;221;46;28;3;pay as you go;active;30;800.2400;720.2160;130.0240;non-churn;2413
5;complaints not received;34;1;3140;23;475;4;3;pay as you go;active;30;2026.5200;1823.8680;252.6520;non-churn;2414
9;complaints not received;33;1;15530;178;142;26;2;pay as you go;active;25;1345.8600;1211.2740;184.5860;non-churn;2415
5;complaints not received;33;1;6545;82;178;22;3;pay as you go;active;30;977.0800;879.3720;147.7080;non-churn;2416
5;complaints not received;33;0;920;10;7;7;2;pay as you go;non-active;25;73.3500;66.0150;60.0000;non-churn;2417
5;complaints not received;34;0;755;10;7;4;3;pay as you go;non-active;30;58.6000;52.7400;60.0000;non-churn;2418
5;complaints not received;33;0;305;6;7;2;2;pay as you go;non-active;25;45.4950;40.9455;60.0000;churn;2419
5;complaints not received;33;1;7553;123;376;39;2;pay as you go;active;25;2037.4200;1833.6780;253.7420;non-churn;2420
7;complaints not received;33;1;11510;150;7;43;4;pay as you go;active;45;309.0000;278.1000;80.9000;non-churn;2421
8;complaints not received;33;1;6763;71;100;33;2;pay as you go;active;25;757.5300;681.7770;125.7530;non-churn;2422
23;complaints not received;29;0;1000;43;8;13;2;pay as you go;non-active;25;82.9350;74.6415;60.0000;churn;2423
21;complaints not received;32;8;10480;89;7;38;5;pay as you go;active;55;169.0350;152.1315;66.9035;non-churn;2424
13;complaints not received;32;1;5863;94;18;20;2;pay as you go;active;25;349.0650;314.1585;84.9065;churn;2425
5;complaints not received;30;1;2885;18;7;10;3;pay as you go;active;30;144.1200;129.7080;64.4120;non-churn;2426
9;complaints not received;31;0;3035;37;7;12;3;pay as you go;non-active;30;150.8800;135.7920;65.0880;churn;2427
9;complaints received;32;0;2313;40;26;27;3;pay as you go;non-active;30;198.1200;178.3080;69.8120;churn;2428
5;complaints not received;32;0;305;6;7;2;3;pay as you go;non-active;30;40.4400;36.3960;60.0000;churn;2429
5;complaints not received;32;1;305;6;7;2;3;pay as you go;active;30;40.4400;36.3960;60.0000;non-churn;2430
5;complaints not received;29;1;6830;93;7;18;5;pay as you go;active;55;114.3450;102.9105;61.4345;non-churn;2431
5;complaints not received;32;0;305;6;7;2;4;pay as you go;non-active;45;25.2750;22.7475;60.0000;churn;2432
5;complaints not received;32;1;305;6;7;2;5;pay as you go;active;55;15.1650;13.6485;60.0000;churn;2433
25;complaints not received;27;3;16120;234;7;76;2;pay as you go;active;25;767.4300;690.6870;126.7430;non-churn;2434
6;complaints not received;30;3;7010;112;263;29;2;contractual;active;25;1503.9900;1353.5910;200.3990;non-churn;2435
5;complaints not received;32;1;3763;78;7;24;2;pay as you go;active;25;204.3450;183.9105;70.4345;non-churn;2436
5;complaints not received;31;0;1710;40;30;16;3;pay as you go;non-active;30;190.0000;171.0000;69.0000;non-churn;2437
6;complaints not received;32;1;2825;49;167;19;2;pay as you go;active;25;880.8300;792.7470;138.0830;non-churn;2438
5;complaints not received;23;1;1360;32;185;7;2;contractual;active;25;895.1400;805.6260;139.5140;non-churn;2439
5;complaints not received;22;1;1613;35;22;64;4;pay as you go;active;45;96.2000;86.5800;60.0000;non-churn;2440
11;complaints not received;23;0;745;21;7;3;2;pay as you go;non-active;25;65.9700;59.3730;60.0000;non-churn;2441
5;complaints not received;22;0;305;6;13;2;4;pay as you go;non-active;45;40.2750;36.2475;60.0000;non-churn;2442
10;complaints not received;21;1;1270;28;11;9;2;pay as you go;active;25;107.9100;97.1190;60.7910;non-churn;2443
5;complaints not received;21;1;3270;57;7;19;3;pay as you go;active;30;161.0800;144.9720;66.1080;non-churn;2444
5;complaints not received;14;1;1740;22;20;10;2;pay as you go;active;25;169.2900;152.3610;66.9290;non-churn;2445
16;complaints not received;13;1;6438;137;77;38;2;contractual;active;25;642.3750;578.1375;114.2375;non-churn;2446
12;complaints not received;11;1;8978;167;65;36;4;pay as you go;active;45;391.1250;352.0125;89.1125;non-churn;2447
8;complaints not received;12;3;2898;41;23;15;3;pay as you go;active;30;209.5600;188.6040;70.9560;non-churn;2448
5;complaints not received;5;1;4435;36;207;6;3;pay as you go;active;30;1006.8400;906.1560;150.6840;non-churn;2449
5;complaints received;5;0;1533;15;7;3;3;pay as you go;active;30;89.9200;80.9280;60.0000;churn;2450
15;complaints not received;43;1;4855;85;23;24;3;pay as you go;active;30;289.6000;260.6400;78.9600;non-churn;2451
7;complaints not received;44;0;803;19;25;11;3;pay as you go;non-active;30;132.8800;119.5920;63.2880;non-churn;2452
17;complaints not received;42;1;2938;74;377;31;3;pay as you go;active;30;1628.4800;1465.6320;212.8480;non-churn;2453
17;complaints not received;43;1;4683;80;19;42;1;pay as you go;active;15;366.4650;329.8185;86.6465;non-churn;2454
10;complaints not received;43;1;2878;72;20;40;2;pay as you go;active;25;222.7500;200.4750;72.2750;non-churn;2455
18;complaints not received;43;2;4260;96;50;35;3;pay as you go;active;30;374.2400;336.8160;87.4240;non-churn;2456
11;complaints not received;43;1;2845;53;303;25;3;pay as you go;active;30;1327.9200;1195.1280;182.7920;non-churn;2457
20;complaints not received;42;3;9600;135;162;50;3;pay as you go;active;30;1037.4000;933.6600;153.7400;non-churn;2458
14;complaints not received;43;1;14258;183;18;51;3;pay as you go;active;30;649.6400;584.6760;114.9640;non-churn;2459
14;complaints not received;43;2;5000;97;20;32;3;pay as you go;active;30;283.8800;255.4920;78.3880;non-churn;2460
13;complaints not received;43;1;6403;109;25;19;3;pay as you go;active;30;360.4800;324.4320;86.0480;non-churn;2461
16;complaints received;43;0;2723;68;26;24;3;pay as you go;non-active;30;215.6400;194.0760;71.5640;non-churn;2462
32;complaints not received;43;4;15625;239;72;39;3;pay as you go;active;30;922.5600;830.3040;142.2560;non-churn;2463
11;complaints not received;43;2;3580;41;501;15;3;pay as you go;active;30;2148.8400;1933.9560;264.8840;non-churn;2464
16;complaints not received;42;1;15970;196;168;37;2;pay as you go;active;25;1483.4700;1335.1230;198.3470;non-churn;2465
10;complaints not received;42;2;6985;100;204;33;3;pay as you go;active;30;1099.4000;989.4600;159.9400;non-churn;2466
7;complaints not received;42;0;1360;28;18;18;2;pay as you go;non-active;25;143.4600;129.1140;64.3460;non-churn;2467
9;complaints not received;43;0;1195;28;31;15;3;pay as you go;non-active;30;172.9200;155.6280;67.2920;non-churn;2468
7;complaints not received;42;0;485;14;18;7;2;pay as you go;non-active;25;103.4550;93.1095;60.3455;churn;2469
10;complaints not received;42;1;7993;141;402;50;3;pay as you go;active;30;1933.3600;1740.0240;243.3360;non-churn;2470
14;complaints not received;42;2;11950;168;29;54;4;pay as you go;active;45;375.4500;337.9050;87.5450;non-churn;2471
15;complaints not received;42;2;7203;89;126;44;2;pay as you go;active;25;895.1400;805.6260;139.5140;non-churn;2472
30;complaints not received;38;0;1440;61;34;24;3;pay as you go;non-active;30;196.0400;176.4360;69.6040;churn;2473
28;complaints not received;41;9;10920;107;19;49;5;contractual;active;55;193.9050;174.5145;69.3905;non-churn;2474
20;complaints not received;41;2;6303;112;44;31;2;pay as you go;active;25;486.6750;438.0075;98.6675;non-churn;2475
8;complaints not received;39;1;3325;36;18;21;3;pay as you go;active;30;206.4400;185.7960;70.6440;non-churn;2476
16;complaints received;40;0;3475;55;27;23;3;pay as you go;non-active;30;249.2000;224.2800;74.9200;churn;2477
16;complaints received;41;0;2753;58;52;38;4;pay as you go;non-active;45;200.2750;180.2475;70.0275;churn;2478
7;complaints received;41;0;618;16;18;9;3;pay as you go;non-active;30;97.3600;87.6240;60.0000;churn;2479
8;complaints not received;41;1;2153;39;18;13;4;pay as you go;active;45;99.8000;89.8200;60.0000;non-churn;2480
10;complaints not received;38;2;7270;111;32;29;5;pay as you go;active;55;158.7150;142.8435;65.8715;non-churn;2481
7;complaints not received;41;0;1113;21;27;11;4;pay as you go;non-active;45;95.8500;86.2650;60.0000;churn;2482
7;complaints not received;41;2;823;18;22;9;5;pay as you go;active;55;45.6150;41.0535;60.0000;non-churn;2483
32;complaints received;36;4;16560;252;18;87;2;contractual;active;25;837.5400;753.7860;133.7540;non-churn;2484
13;complaints not received;39;4;7450;130;289;40;3;contractual;active;30;1459.2000;1313.2800;195.9200;non-churn;2485
9;complaints not received;41;1;4203;96;20;35;3;pay as you go;active;30;251.9600;226.7640;75.1960;non-churn;2486
10;complaints not received;40;0;2150;58;56;27;3;pay as you go;non-active;30;312.3200;281.0880;81.2320;non-churn;2487
13;complaints not received;41;1;3265;67;193;30;2;pay as you go;active;25;1018.4400;916.5960;151.8440;non-churn;2488
11;complaints not received;32;2;1800;50;211;18;3;contractual;active;30;918.0000;826.2000;141.8000;non-churn;2489
11;complaints not received;31;1;2053;53;48;75;5;pay as you go;active;55;103.5900;93.2310;60.3590;non-churn;2490
18;complaints not received;32;0;1185;39;28;14;3;pay as you go;non-active;30;160.9600;144.8640;66.0960;non-churn;2491
7;complaints not received;31;0;1310;24;39;10;4;pay as you go;non-active;45;130.8500;117.7650;63.0850;non-churn;2492
17;complaints not received;30;1;1710;46;37;20;2;pay as you go;active;25;245.5200;220.9680;74.5520;non-churn;2493
9;complaints not received;30;1;3710;75;26;30;3;pay as you go;active;30;255.4000;229.8600;75.5400;non-churn;2494
9;complaints not received;23;1;2180;40;46;21;3;pay as you go;active;30;272.8000;245.5200;77.2800;non-churn;2495
23;complaints not received;22;2;6878;155;103;49;2;contractual;active;25;779.9850;701.9865;127.9985;non-churn;2496
19;complaints not received;20;1;9418;185;91;47;5;pay as you go;active;55;280.5450;252.4905;78.0545;non-churn;2497
15;complaints not received;21;4;3338;59;49;26;3;pay as you go;active;30;331.8800;298.6920;83.1880;non-churn;2498
9;complaints not received;14;2;4875;54;233;17;3;pay as you go;active;30;1129.1600;1016.2440;162.9160;non-churn;2499
10;complaints not received;14;2;1973;33;18;14;3;pay as you go;active;30;152.2400;137.0160;65.2240;churn;2500
11;complaints not received;37;1;4495;69;7;14;3;pay as you go;active;30;210.5600;189.5040;71.0560;non-churn;2501
5;complaints not received;38;0;305;6;7;2;3;pay as you go;non-active;30;40.4400;36.3960;60.0000;non-churn;2502
13;complaints not received;36;1;2578;58;355;21;3;pay as you go;active;30;1525.4400;1372.8960;202.5440;non-churn;2503
13;complaints not received;37;1;4323;64;7;32;1;pay as you go;active;15;279.7850;251.8065;77.9785;non-churn;2504
6;complaints not received;37;1;2518;56;7;30;2;pay as you go;active;25;147.3300;132.5970;64.7330;non-churn;2505
14;complaints not received;37;2;3900;80;28;25;3;pay as you go;active;30;271.2000;244.0800;77.1200;non-churn;2506
7;complaints not received;37;1;2485;37;281;15;3;pay as you go;active;30;1224.8800;1102.3920;172.4880;non-churn;2507
16;complaints not received;36;3;9240;119;140;40;3;pay as you go;active;30;934.3600;840.9240;143.4360;non-churn;2508
10;complaints not received;37;1;13898;167;7;41;3;pay as you go;active;30;590.6000;531.5400;109.0600;non-churn;2509
10;complaints not received;37;2;4640;81;7;22;3;pay as you go;active;30;216.8400;195.1560;71.6840;non-churn;2510
9;complaints not received;37;1;6043;93;7;9;3;pay as you go;active;30;273.4400;246.0960;77.3440;non-churn;2511
12;complaints not received;37;0;2363;52;7;14;3;pay as you go;non-active;30;124.6000;112.1400;62.4600;non-churn;2512
28;complaints not received;37;4;15265;223;50;29;3;contractual;active;30;819.5200;737.5680;131.9520;non-churn;2513
7;complaints not received;37;2;3220;25;479;5;3;pay as you go;active;30;2045.8000;1841.2200;254.5800;non-churn;2514
12;complaints not received;36;1;15610;180;146;27;2;pay as you go;active;25;1367.5500;1230.7950;186.7550;non-churn;2515
6;complaints not received;36;2;6625;84;182;23;3;pay as you go;active;30;996.3600;896.7240;149.6360;non-churn;2516
5;complaints not received;36;0;1000;12;7;8;2;pay as you go;non-active;25;77.0400;69.3360;60.0000;non-churn;2517
5;complaints not received;37;0;835;12;9;5;3;pay as you go;non-active;30;69.8800;62.8920;60.0000;non-churn;2518
5;complaints not received;36;0;305;6;7;2;2;pay as you go;non-active;25;45.4950;40.9455;60.0000;churn;2519
6;complaints not received;36;1;7633;125;380;40;3;pay as you go;active;30;1830.3200;1647.2880;233.0320;non-churn;2520
10;complaints not received;36;2;11590;152;7;44;4;pay as you go;active;45;311.0500;279.9450;81.1050;non-churn;2521
11;complaints not received;36;2;6843;73;104;34;2;pay as you go;active;25;779.2200;701.2980;127.9220;non-churn;2522
26;complaints received;32;0;1080;45;12;14;3;pay as you go;non-active;30;93.0000;83.7000;60.0000;churn;2523
24;complaints not received;35;9;10560;91;7;39;5;pay as you go;active;55;170.2650;153.2385;67.0265;non-churn;2524
16;complaints not received;35;2;5943;96;22;21;2;pay as you go;active;25;370.7550;333.6795;87.0755;churn;2525
5;complaints not received;33;1;2965;20;7;11;3;pay as you go;active;30;147.4000;132.6600;64.7400;non-churn;2526
12;complaints received;34;0;3115;39;7;13;3;pay as you go;non-active;30;154.1600;138.7440;65.4160;churn;2527
12;complaints not received;35;0;2393;42;30;28;4;pay as you go;non-active;45;135.8750;122.2875;63.5875;churn;2528
5;complaints received;35;0;305;6;7;2;3;pay as you go;non-active;30;40.4400;36.3960;60.0000;churn;2529
5;complaints not received;35;1;1793;23;7;3;4;pay as you go;active;45;62.9000;56.6100;60.0000;non-churn;2530
6;complaints not received;32;2;6910;95;10;19;5;pay as you go;active;55;120.0750;108.0675;62.0075;non-churn;2531
5;complaints not received;35;0;305;6;7;2;4;pay as you go;non-active;45;25.2750;22.7475;60.0000;churn;2532
5;complaints not received;35;1;305;6;7;2;5;pay as you go;active;55;15.1650;13.6485;60.0000;non-churn;2533
28;complaints not received;30;4;16200;236;7;77;2;contractual;active;25;771.1200;694.0080;127.1120;non-churn;2534
9;complaints not received;33;4;7090;114;267;30;3;contractual;active;30;1356.1600;1220.5440;185.6160;non-churn;2535
5;complaints not received;35;1;3843;80;7;25;3;pay as you go;active;30;184.9200;166.4280;68.4920;non-churn;2536
6;complaints not received;34;0;1790;42;34;17;3;pay as you go;non-active;30;209.2800;188.3520;70.9280;non-churn;2537
9;complaints not received;35;1;2905;51;171;20;2;pay as you go;active;25;902.5200;812.2680;140.2520;non-churn;2538
7;complaints not received;26;2;1440;34;189;8;3;contractual;active;30;814.9600;733.4640;131.4960;non-churn;2539
7;complaints not received;25;1;1693;37;26;65;5;pay as you go;active;55;64.9500;58.4550;60.0000;non-churn;2540
14;complaints not received;26;0;825;23;7;4;3;pay as you go;non-active;30;61.9200;55.7280;60.0000;non-churn;2541
5;complaints not received;25;0;305;6;17;2;4;pay as you go;non-active;45;50.2750;45.2475;60.0000;non-churn;2542
13;complaints not received;24;1;1350;30;15;10;2;pay as you go;active;25;129.6000;116.6400;62.9600;non-churn;2543
5;complaints not received;24;1;3350;59;7;20;3;pay as you go;active;30;164.3600;147.9240;66.4360;non-churn;2544
5;complaints not received;17;1;1820;24;24;11;3;pay as you go;active;30;169.7600;152.7840;66.9760;non-churn;2545
19;complaints not received;16;2;6518;139;81;39;2;contractual;active;25;664.0650;597.6585;116.4065;non-churn;2546
15;complaints not received;14;1;9058;169;69;37;5;pay as you go;active;55;241.9050;217.7145;74.1905;non-churn;2547
11;complaints not received;15;4;2978;43;27;16;3;pay as you go;active;30;228.8400;205.9560;72.8840;non-churn;2548
5;complaints not received;8;2;4515;38;211;7;3;pay as you go;active;30;1026.1200;923.5080;152.6120;non-churn;2549
6;complaints received;8;2;1613;17;7;4;3;pay as you go;active;30;93.2000;83.8800;60.0000;churn;2550
17;complaints not received;40;3;5275;87;33;34;3;pay as you go;active;30;346.4800;311.8320;84.6480;non-churn;2551
9;complaints not received;41;0;1223;21;35;21;3;pay as you go;non-active;30;189.7600;170.7840;68.9760;non-churn;2552
19;complaints not received;39;3;3358;76;387;41;3;pay as you go;active;30;1685.3600;1516.8240;218.5360;non-churn;2553
19;complaints not received;40;3;5103;82;29;52;1;pay as you go;active;15;444.6750;400.2075;94.4675;non-churn;2554
12;complaints not received;40;3;3298;74;30;50;2;pay as you go;active;25;286.7400;258.0660;78.6740;non-churn;2555
20;complaints not received;40;4;4680;98;60;45;3;pay as you go;active;30;431.1200;388.0080;93.1120;non-churn;2556
13;complaints not received;40;3;3265;55;313;35;4;pay as you go;active;45;865.5000;778.9500;136.5500;non-churn;2557
22;complaints received;39;5;10020;137;172;60;3;pay as you go;active;30;1094.2800;984.8520;159.4280;non-churn;2558
16;complaints not received;40;3;14678;185;28;61;3;pay as you go;active;30;706.5200;635.8680;120.6520;non-churn;2559
16;complaints not received;40;4;5420;99;30;42;3;pay as you go;active;30;340.7600;306.6840;84.0760;non-churn;2560
15;complaints not received;40;3;6823;111;35;29;3;pay as you go;active;30;417.3600;375.6240;91.7360;non-churn;2561
18;complaints not received;40;0;3143;70;36;34;3;pay as you go;non-active;30;272.5200;245.2680;77.2520;non-churn;2562
34;complaints received;40;6;16045;241;82;49;3;contractual;active;30;979.4400;881.4960;147.9440;non-churn;2563
13;complaints not received;40;4;4000;43;511;25;4;pay as you go;active;45;1378.5750;1240.7175;187.8575;non-churn;2564
18;complaints not received;39;3;16390;198;178;47;2;pay as you go;active;25;1547.4600;1392.7140;204.7460;non-churn;2565
12;complaints not received;39;4;7405;102;214;43;3;pay as you go;active;30;1156.2800;1040.6520;165.6280;non-churn;2566
9;complaints not received;39;0;1780;30;28;28;2;pay as you go;non-active;25;207.4500;186.7050;70.7450;non-churn;2567
11;complaints not received;40;0;1615;30;41;25;3;pay as you go;non-active;30;229.8000;206.8200;72.9800;non-churn;2568
9;complaints received;39;0;905;16;28;17;2;pay as you go;non-active;25;167.4450;150.7005;66.7445;churn;2569
12;complaints not received;39;3;8413;143;412;60;3;pay as you go;active;30;1990.2400;1791.2160;249.0240;non-churn;2570
16;complaints not received;39;4;12370;170;39;64;4;pay as you go;active;45;411.0000;369.9000;91.1000;non-churn;2571
17;complaints not received;39;4;7623;91;136;54;2;contractual;active;25;959.1300;863.2170;145.9130;non-churn;2572
32;complaints received;35;0;1860;63;44;34;3;pay as you go;non-active;30;252.9200;227.6280;75.2920;churn;2573
30;complaints not received;38;1;11340;109;29;59;5;pay as you go;active;55;215.2350;193.7115;71.5235;non-churn;2574
22;complaints not received;38;4;6723;114;54;41;3;pay as you go;active;30;489.4800;440.5320;98.9480;non-churn;2575
10;complaints not received;36;3;3745;38;28;31;3;pay as you go;active;30;263.3200;236.9880;76.3320;non-churn;2576
18;complaints received;37;0;3895;57;37;33;3;pay as you go;non-active;30;306.0800;275.4720;80.6080;churn;2577
18;complaints not received;38;0;3173;60;62;48;4;pay as you go;non-active;45;235.8250;212.2425;73.5825;churn;2578
9;complaints not received;38;0;1038;18;28;19;3;pay as you go;non-active;30;154.2400;138.8160;65.4240;churn;2579
10;complaints not received;38;3;2573;41;28;23;4;pay as you go;active;45;135.3500;121.8150;63.5350;non-churn;2580
12;complaints not received;35;4;7690;113;42;39;5;pay as you go;active;55;180.0450;162.0405;68.0045;non-churn;2581
9;complaints not received;38;0;1533;23;37;21;4;pay as you go;non-active;45;131.4000;118.2600;63.1400;churn;2582
9;complaints not received;38;4;1243;20;32;19;5;pay as you go;active;55;66.9450;60.2505;60.0000;non-churn;2583
34;complaints not received;33;6;16980;254;28;97;2;contractual;active;25;901.5300;811.3770;140.1530;non-churn;2584
15;complaints not received;36;6;7870;132;299;50;3;contractual;active;30;1516.0800;1364.4720;201.6080;non-churn;2585
11;complaints not received;38;3;4623;98;30;45;3;pay as you go;active;30;308.8400;277.9560;80.8840;non-churn;2586
12;complaints received;37;0;2570;60;66;37;4;pay as you go;non-active;45;230.7500;207.6750;73.0750;churn;2587
15;complaints not received;38;3;3685;69;203;40;2;pay as you go;active;25;1082.4300;974.1870;158.2430;non-churn;2588
13;complaints not received;29;4;2220;52;221;28;3;contractual;active;30;974.8800;877.3920;147.4880;non-churn;2589
13;complaints not received;28;3;2473;55;58;85;5;pay as you go;active;55;124.9200;112.4280;62.4920;non-churn;2590
20;complaints not received;29;0;1605;41;38;24;3;pay as you go;non-active;30;217.8400;196.0560;71.7840;non-churn;2591
9;complaints not received;28;0;1730;26;49;20;4;pay as you go;non-active;45;166.4000;149.7600;66.6400;non-churn;2592
19;complaints not received;27;3;2130;48;47;30;2;pay as you go;active;25;309.5100;278.5590;80.9510;non-churn;2593
11;complaints not received;27;3;4130;77;36;40;3;pay as you go;active;30;312.2800;281.0520;81.2280;non-churn;2594
11;complaints not received;20;3;2600;42;56;31;3;pay as you go;active;30;329.6800;296.7120;82.9680;non-churn;2595
25;complaints not received;19;4;7298;157;113;59;2;contractual;active;25;843.9750;759.5775;134.3975;non-churn;2596
21;complaints not received;17;3;9838;187;101;57;5;pay as you go;active;55;301.8750;271.6875;80.1875;non-churn;2597
17;complaints not received;18;6;3758;61;59;36;3;contractual;active;30;388.7600;349.8840;88.8760;non-churn;2598
11;complaints not received;11;4;5295;56;243;27;3;contractual;active;30;1186.0400;1067.4360;168.6040;non-churn;2599
12;complaints received;11;4;2393;35;28;24;3;pay as you go;active;30;209.1200;188.2080;70.9120;churn;2600
9;complaints not received;40;0;4075;67;7;4;3;pay as you go;active;30;193.6800;174.3120;69.3680;non-churn;2601
5;complaints not received;41;0;305;6;7;2;3;pay as you go;non-active;30;40.4400;36.3960;60.0000;non-churn;2602
11;complaints not received;39;0;2158;56;345;11;3;pay as you go;active;30;1468.5600;1321.7040;196.8560;non-churn;2603
11;complaints not received;40;0;3903;62;7;22;1;pay as you go;active;15;256.5750;230.9175;75.6575;non-churn;2604
5;complaints not received;40;0;2098;54;7;20;2;pay as you go;active;25;128.3400;115.5060;62.8340;non-churn;2605
12;complaints not received;40;0;3480;78;18;15;3;pay as you go;active;30;214.3200;192.8880;71.4320;non-churn;2606
5;complaints not received;40;0;2065;35;271;5;3;pay as you go;active;30;1168.0000;1051.2000;166.8000;non-churn;2607
14;complaints not received;39;1;8820;117;130;30;3;pay as you go;active;30;877.4800;789.7320;137.7480;non-churn;2608
8;complaints not received;40;0;13478;165;7;31;3;pay as you go;active;30;573.7200;516.3480;107.3720;non-churn;2609
8;complaints not received;40;0;4220;79;7;12;3;pay as you go;active;30;199.9600;179.9640;69.9960;non-churn;2610
7;complaints not received;40;1;5623;91;7;17;3;pay as you go;active;30;256.5600;230.9040;75.6560;non-churn;2611
10;complaints not received;40;0;1943;50;7;4;3;pay as you go;non-active;30;107.7200;96.9480;60.7720;non-churn;2612
26;complaints not received;40;2;14845;221;40;19;3;pay as you go;active;30;762.6400;686.3760;126.2640;non-churn;2613
5;complaints not received;40;1;2800;23;469;9;3;pay as you go;active;30;1988.9200;1790.0280;248.8920;non-churn;2614
10;complaints not received;39;0;15190;178;136;17;2;pay as you go;active;25;1303.5600;1173.2040;180.3560;non-churn;2615
5;complaints not received;39;0;6205;82;172;13;3;pay as you go;active;30;939.4800;845.5320;143.9480;non-churn;2616
5;complaints not received;39;0;580;10;7;2;2;pay as you go;non-active;25;58.0500;52.2450;60.0000;non-churn;2617
5;complaints not received;40;0;415;10;7;2;3;pay as you go;non-active;30;45.0000;40.5000;60.0000;non-churn;2618
5;complaints not received;39;0;7213;123;370;30;3;pay as you go;active;30;1773.4400;1596.0960;227.3440;non-churn;2620
8;complaints not received;39;0;11170;150;7;34;4;pay as you go;active;45;300.5000;270.4500;80.0500;non-churn;2621
9;complaints not received;39;0;6423;71;94;24;2;pay as you go;active;25;715.2300;643.7070;121.5230;non-churn;2622
24;complaints not received;35;0;660;43;7;4;3;pay as you go;non-active;30;56.1200;50.5080;60.0000;churn;2623
22;complaints not received;38;7;10140;89;7;29;5;pay as you go;active;55;163.9350;147.5415;66.3935;non-churn;2624
14;complaints not received;38;0;5523;94;12;11;2;pay as you go;active;25;306.7650;276.0885;80.6765;churn;2625
5;complaints not received;36;1;2545;18;7;6;3;pay as you go;active;30;130.5200;117.4680;63.0520;non-churn;2626
10;complaints not received;37;0;2695;37;7;3;3;pay as you go;non-active;30;137.2800;123.5520;63.7280;churn;2627
10;complaints not received;38;0;1973;40;20;18;3;pay as you go;non-active;30;160.5200;144.4680;66.0520;churn;2628
5;complaints received;38;0;305;6;7;2;3;pay as you go;non-active;30;40.4400;36.3960;60.0000;churn;2629
5;complaints not received;38;1;1373;21;7;2;4;pay as you go;active;45;52.3500;47.1150;60.0000;non-churn;2630
5;complaints not received;35;0;6490;93;7;9;5;pay as you go;active;55;109.2450;98.3205;60.9245;non-churn;2631
5;complaints not received;38;0;305;6;7;2;4;pay as you go;non-active;45;25.2750;22.7475;60.0000;churn;2632
5;complaints not received;38;0;305;6;7;2;5;pay as you go;active;55;15.1650;13.6485;60.0000;non-churn;2633
26;complaints not received;33;2;15780;234;7;67;2;pay as you go;active;25;752.1300;676.9170;125.2130;non-churn;2634
7;complaints not received;36;2;6670;112;257;20;3;contractual;active;30;1299.2800;1169.3520;179.9280;non-churn;2635
5;complaints not received;38;0;3423;78;7;15;3;pay as you go;active;30;168.0400;151.2360;66.8040;non-churn;2636
5;complaints not received;37;0;1370;40;24;7;3;pay as you go;non-active;30;152.4000;137.1600;65.2400;non-churn;2637
7;complaints not received;38;0;2485;49;161;10;2;pay as you go;active;25;838.5300;754.6770;133.8530;non-churn;2638
5;complaints not received;29;1;1020;32;179;2;3;contractual;active;30;758.0800;682.2720;125.8080;non-churn;2639
5;complaints not received;28;0;1273;35;16;55;4;pay as you go;active;45;72.7000;65.4300;60.0000;non-churn;2640
12;complaints not received;29;0;405;21;7;2;3;pay as you go;non-active;30;45.0400;40.5360;60.0000;non-churn;2641
5;complaints not received;28;0;305;6;7;2;4;pay as you go;non-active;45;25.2750;22.7475;60.0000;non-churn;2642
11;complaints not received;27;1;930;28;7;2;2;pay as you go;active;25;74.6100;67.1490;60.0000;non-churn;2643
5;complaints not received;27;0;2930;57;7;10;3;pay as you go;active;30;147.4800;132.7320;64.7480;non-churn;2644
5;complaints not received;20;1;1400;22;14;2;2;pay as you go;active;25;126.9900;114.2910;62.6990;non-churn;2645
17;complaints not received;19;0;6098;137;71;29;2;contractual;active;25;600.0750;540.0675;110.0075;non-churn;2646
13;complaints not received;17;0;8638;167;59;27;5;pay as you go;active;55;220.5750;198.5175;72.0575;non-churn;2647
9;complaints not received;18;2;2558;41;17;6;3;pay as you go;active;30;171.9600;154.7640;67.1960;non-churn;2648
5;complaints not received;11;1;4095;36;201;25;3;pay as you go;active;30;969.2400;872.3160;146.9240;non-churn;2649
5;complaints received;11;1;1193;15;7;2;3;pay as you go;active;30;76.3200;68.6880;60.0000;churn;2650
13;complaints not received;41;2;4790;83;44;23;3;pay as you go;active;30;370.9200;333.8280;87.0920;non-churn;2651
5;complaints not received;42;0;738;17;46;10;3;pay as you go;non-active;30;214.2000;192.7800;71.4200;non-churn;2652
15;complaints not received;40;2;2873;72;398;30;3;pay as you go;active;30;1709.8000;1538.8200;220.9800;non-churn;2653
15;complaints not received;41;2;4618;78;40;41;1;pay as you go;active;15;478.2800;430.4520;97.8280;non-churn;2654
8;complaints not received;41;2;2813;70;41;39;2;pay as you go;active;25;314.2350;282.8115;81.4235;non-churn;2655
16;complaints not received;41;3;4195;94;71;34;3;pay as you go;active;30;455.5600;410.0040;95.5560;non-churn;2656
9;complaints not received;41;2;2780;51;324;24;4;pay as you go;active;45;880.7750;792.6975;138.0775;non-churn;2657
18;complaints not received;40;4;9535;133;183;49;3;pay as you go;active;30;1118.7200;1006.8480;161.8720;non-churn;2658
12;complaints not received;41;2;14193;181;39;50;3;pay as you go;active;30;730.9600;657.8640;123.0960;non-churn;2659
12;complaints not received;41;3;4935;95;41;31;4;pay as you go;active;45;228.2500;205.4250;72.8250;non-churn;2660
11;complaints not received;41;2;6338;107;46;18;3;pay as you go;active;30;441.8000;397.6200;94.1800;non-churn;2661
14;complaints received;41;0;2658;66;47;23;4;pay as you go;non-active;45;185.6000;167.0400;68.5600;non-churn;2662
30;complaints not received;41;5;15560;237;93;38;3;pay as you go;active;30;1003.8800;903.4920;150.3880;non-churn;2663
9;complaints not received;41;3;3515;39;522;14;4;pay as you go;active;45;1393.8500;1254.4650;189.3850;non-churn;2664
14;complaints not received;40;2;15905;194;189;36;3;pay as you go;active;30;1399.9600;1259.9640;189.9960;non-churn;2665
8;complaints not received;40;3;6920;98;225;32;4;pay as you go;active;45;737.9500;664.1550;123.7950;non-churn;2666
5;complaints not received;40;0;1295;26;39;17;3;pay as you go;non-active;30;208.8400;187.9560;70.8840;non-churn;2667
7;complaints not received;41;0;1130;26;52;14;3;pay as you go;non-active;30;254.2400;228.8160;75.4240;non-churn;2668
5;complaints not received;40;0;420;12;39;6;3;pay as you go;non-active;30;173.2800;155.9520;67.3280;churn;2669
8;complaints not received;40;2;7928;139;423;49;3;pay as you go;active;30;2014.6800;1813.2120;251.4680;non-churn;2670
12;complaints not received;40;3;11885;166;50;53;4;pay as you go;active;45;426.2750;383.6475;92.6275;non-churn;2671
13;complaints not received;40;3;7138;87;147;43;3;pay as you go;active;30;877.0000;789.3000;137.7000;non-churn;2672
28;complaints received;36;0;1375;59;55;23;3;pay as you go;non-active;30;277.3600;249.6240;77.7360;churn;2673
26;complaints not received;39;10;10855;105;40;48;5;contractual;active;55;224.4000;201.9600;72.4400;non-churn;2674
18;complaints not received;39;3;6238;110;65;30;3;pay as you go;active;30;513.9200;462.5280;101.3920;non-churn;2675
6;complaints not received;37;2;3260;34;39;20;4;pay as you go;active;45;179.8500;161.8650;67.9850;non-churn;2676
14;complaints not received;38;0;3410;53;48;22;3;pay as you go;non-active;30;330.5200;297.4680;83.0520;churn;2677
14;complaints received;39;0;2688;56;73;37;4;pay as you go;non-active;45;251.1000;225.9900;75.1100;churn;2678
5;complaints not received;39;0;553;14;39;8;3;pay as you go;non-active;30;178.6800;160.8120;67.8680;churn;2679
6;complaints not received;39;2;2088;37;39;12;4;pay as you go;active;45;150.6250;135.5625;65.0625;non-churn;2680
8;complaints not received;36;3;7205;109;53;28;5;pay as you go;active;55;189.2100;170.2890;68.9210;non-churn;2681
5;complaints not received;39;0;1048;19;48;10;4;pay as you go;non-active;45;146.6750;132.0075;64.6675;churn;2682
5;complaints not received;39;3;758;16;43;8;5;pay as you go;active;55;76.1100;68.4990;60.0000;non-churn;2683
30;complaints not received;34;5;16495;250;39;86;2;contractual;active;25;929.0250;836.1225;142.9025;non-churn;2684
11;complaints not received;37;5;7385;128;310;39;3;contractual;active;30;1540.5200;1386.4680;204.0520;non-churn;2685
7;complaints not received;39;2;4138;94;41;34;3;pay as you go;active;30;333.2800;299.9520;83.3280;non-churn;2686
8;complaints not received;38;0;2085;56;77;26;4;pay as you go;non-active;45;246.0250;221.4225;74.6025;non-churn;2687
11;complaints not received;39;2;3200;65;214;29;3;pay as you go;active;30;986.6000;887.9400;148.6600;non-churn;2688
9;complaints not received;30;3;1735;48;232;17;3;contractual;active;30;999.3200;899.3880;149.9320;non-churn;2689
9;complaints not received;29;2;1988;51;69;74;5;pay as you go;active;55;134.0850;120.6765;63.4085;non-churn;2690
16;complaints not received;30;0;1120;37;49;13;3;pay as you go;non-active;30;242.2800;218.0520;74.2280;non-churn;2691
5;complaints not received;29;0;1245;22;60;9;4;pay as you go;non-active;45;181.6750;163.5075;68.1675;non-churn;2692
15;complaints not received;28;2;1645;44;58;19;2;pay as you go;active;25;337.0050;303.3045;83.7005;non-churn;2693
7;complaints not received;28;2;3645;73;47;29;4;pay as you go;active;45;210.4500;189.4050;71.0450;non-churn;2694
7;complaints not received;21;2;2115;38;67;20;3;pay as you go;active;30;354.1200;318.7080;85.4120;non-churn;2695
21;complaints not received;20;3;6813;153;124;48;2;contractual;active;25;871.4700;784.3230;137.1470;non-churn;2696
17;complaints not received;18;2;9353;183;112;46;5;pay as you go;active;55;311.0400;279.9360;81.1040;non-churn;2697
13;complaints not received;19;5;3273;57;70;25;4;pay as you go;active;45;258.2500;232.4250;75.8250;non-churn;2698
7;complaints not received;12;3;4810;52;254;16;3;pay as you go;active;30;1210.4800;1089.4320;171.0480;non-churn;2699
8;complaints received;12;3;1908;31;39;13;3;pay as you go;active;30;233.5600;210.2040;73.3560;churn;2700
13;complaints not received;39;0;4560;71;7;15;2;pay as you go;active;25;239.8950;215.9055;73.9895;non-churn;2701
5;complaints not received;40;0;305;6;7;2;2;pay as you go;non-active;25;45.4950;40.9455;60.0000;non-churn;2702
15;complaints not received;38;0;2643;60;334;22;2;pay as you go;active;25;1624.6350;1462.1715;212.4635;non-churn;2703
15;complaints not received;39;0;4388;66;7;33;1;pay as you go;active;15;283.4700;255.1230;78.3470;non-churn;2704
8;complaints not received;39;0;2583;58;7;31;1;pay as you go;active;15;183.7550;165.3795;68.3755;non-churn;2705
16;complaints not received;39;1;3965;82;7;26;3;pay as you go;active;30;189.8800;170.8920;68.9880;non-churn;2706
9;complaints not received;39;0;2550;39;260;16;3;pay as you go;active;30;1143.5600;1029.2040;164.3560;non-churn;2707
18;complaints not received;38;2;9305;121;119;41;3;pay as you go;active;30;853.0400;767.7360;135.3040;non-churn;2708
12;complaints not received;39;0;13963;169;7;42;3;pay as you go;active;30;593.2800;533.9520;109.3280;non-churn;2709
12;complaints not received;39;1;4705;83;7;23;3;pay as you go;active;30;219.5200;197.5680;71.9520;non-churn;2710
11;complaints not received;39;0;6108;95;7;10;2;pay as you go;active;25;310.6350;279.5715;81.0635;non-churn;2711
14;complaints received;39;0;2428;54;7;15;3;pay as you go;non-active;30;127.2800;114.5520;62.7280;non-churn;2712
30;complaints not received;39;3;15330;225;29;30;3;pay as you go;active;30;738.2000;664.3800;123.8200;non-churn;2713
9;complaints not received;39;1;3285;27;458;6;3;pay as you go;active;30;1964.4800;1768.0320;246.4480;non-churn;2714
14;complaints not received;38;0;15675;182;125;28;2;pay as you go;active;25;1276.0650;1148.4585;177.6065;non-churn;2715
8;complaints not received;38;1;6690;86;161;24;3;pay as you go;active;30;915.0400;823.5360;141.5040;non-churn;2716
5;complaints not received;38;0;1065;14;7;9;2;pay as you go;non-active;25;80.0550;72.0495;60.0000;non-churn;2717
7;complaints not received;39;0;900;14;7;6;2;pay as you go;non-active;25;72.6300;65.3670;60.0000;non-churn;2718
5;complaints not received;38;0;305;6;7;2;2;pay as you go;non-active;25;45.4950;40.9455;60.0000;churn;2719
8;complaints not received;38;0;7698;127;359;41;2;pay as you go;active;25;1967.6250;1770.8625;246.7625;non-churn;2720
12;complaints not received;38;1;11655;154;7;45;3;pay as you go;active;30;500.3600;450.3240;100.0360;non-churn;2721
13;complaints not received;38;1;6908;75;83;35;2;pay as you go;active;25;687.7350;618.9615;118.7735;non-churn;2722
28;complaints received;34;0;1145;47;7;15;2;pay as you go;non-active;25;85.1400;76.6260;60.0000;churn;2723
26;complaints not received;37;8;10625;93;7;40;4;pay as you go;active;45;285.4500;256.9050;78.5450;non-churn;2724
18;complaints not received;37;1;6008;98;7;22;2;pay as you go;active;25;306.2700;275.6430;80.6270;churn;2725
6;complaints not received;35;0;3030;22;7;12;3;pay as you go;active;30;150.0800;135.0720;65.0080;non-churn;2726
14;complaints not received;36;0;3180;41;7;14;3;pay as you go;non-active;30;156.8400;141.1560;65.6840;churn;2727
14;complaints not received;37;0;2458;44;9;29;3;pay as you go;non-active;30;136.0800;122.4720;63.6080;churn;2728
5;complaints received;37;0;305;6;7;2;3;pay as you go;non-active;30;40.4400;36.3960;60.0000;churn;2729
6;complaints not received;37;0;1858;25;7;4;3;pay as you go;active;30;103.3200;92.9880;60.3320;non-churn;2730
8;complaints not received;34;1;6975;97;7;20;4;pay as you go;active;45;194.3000;174.8700;69.4300;non-churn;2731
5;complaints not received;37;0;818;7;7;2;4;pay as you go;non-active;45;38.1250;34.3125;60.0000;churn;2732
5;complaints not received;37;1;305;6;7;2;5;pay as you go;active;55;15.1650;13.6485;60.0000;non-churn;2733
30;complaints not received;32;3;16265;238;7;78;2;pay as you go;active;25;774.1350;696.7215;127.4135;non-churn;2734
11;complaints not received;35;3;7155;116;246;31;2;contractual;active;25;1434.1950;1290.7755;193.4195;non-churn;2735
7;complaints not received;37;0;3908;82;7;26;2;pay as you go;active;25;211.0500;189.9450;71.1050;non-churn;2736
8;complaints not received;36;0;1855;44;13;18;3;pay as you go;non-active;30;127.9600;115.1640;62.7960;non-churn;2737
11;complaints not received;37;0;2970;53;150;21;2;pay as you go;active;25;811.0350;729.9315;131.1035;non-churn;2738
9;complaints not received;28;1;1505;36;168;9;2;contractual;active;25;825.3450;742.8105;132.5345;non-churn;2739
9;complaints not received;27;0;1758;39;7;66;4;pay as you go;active;45;62.4250;56.1825;60.0000;non-churn;2740
16;complaints not received;28;0;890;25;7;5;2;pay as you go;non-active;25;72.6750;65.4075;60.0000;non-churn;2741
5;complaints not received;27;0;1015;10;7;2;4;pay as you go;non-active;45;43.1250;38.8125;60.0000;non-churn;2742
15;complaints not received;26;0;1415;32;7;11;2;pay as you go;active;25;96.6150;86.9535;60.0000;non-churn;2743
7;complaints not received;26;0;3415;61;7;21;3;pay as you go;active;30;167.0400;150.3360;66.7040;non-churn;2744
7;complaints not received;19;0;1885;26;7;12;2;pay as you go;active;25;117.4950;105.7455;61.7495;non-churn;2745
21;complaints not received;18;1;6583;141;60;40;1;contractual;active;15;699.8200;629.8380;119.9820;non-churn;2746
17;complaints not received;16;0;9123;171;48;38;4;pay as you go;active;45;352.3500;317.1150;85.2350;non-churn;2747
13;complaints not received;17;3;3043;45;7;17;3;pay as you go;active;30;151.5200;136.3680;65.1520;non-churn;2748
7;complaints not received;10;1;4580;40;190;8;3;pay as you go;active;30;944.8000;850.3200;144.4800;non-churn;2749
8;complaints not received;10;1;1678;19;7;5;3;pay as you go;active;30;95.8800;86.2920;60.0000;churn;2750
15;complaints not received;40;1;4865;78;21;22;3;pay as you go;active;30;281.7200;253.5480;78.1720;non-churn;2751
7;complaints not received;41;0;813;12;23;9;3;pay as you go;non-active;30;125.0000;112.5000;62.5000;non-churn;2752
17;complaints not received;39;1;2948;67;375;29;3;pay as you go;active;30;1620.6000;1458.5400;212.0600;non-churn;2753
17;complaints not received;40;1;4693;73;17;40;1;pay as you go;active;15;355.6300;320.0670;85.5630;non-churn;2754
10;complaints not received;40;1;2888;65;18;38;2;pay as you go;active;25;213.8850;192.4965;71.3885;non-churn;2755
18;complaints not received;40;2;4270;89;48;33;3;pay as you go;active;30;366.3600;329.7240;86.6360;non-churn;2756
11;complaints not received;40;1;2855;46;301;23;3;pay as you go;active;30;1320.0400;1188.0360;182.0040;non-churn;2757
20;complaints not received;39;3;9610;128;160;48;3;pay as you go;active;30;1029.5200;926.5680;152.9520;non-churn;2758
14;complaints not received;40;1;14268;176;16;49;3;pay as you go;active;30;641.7600;577.5840;114.1760;non-churn;2759
14;complaints not received;40;2;5010;90;18;30;3;pay as you go;active;30;276.0000;248.4000;77.6000;non-churn;2760
13;complaints not received;40;1;6413;102;23;17;3;pay as you go;active;30;352.6000;317.3400;85.2600;non-churn;2761
16;complaints not received;40;0;2733;61;24;22;3;pay as you go;non-active;30;207.7600;186.9840;70.7760;non-churn;2762
32;complaints received;40;4;15635;232;70;37;3;pay as you go;active;30;914.6800;823.2120;141.4680;non-churn;2763
11;complaints not received;40;2;3590;34;499;13;3;pay as you go;active;30;2140.9600;1926.8640;264.0960;non-churn;2764
16;complaints not received;39;1;15980;189;166;35;2;pay as you go;active;25;1474.6050;1327.1445;197.4605;non-churn;2765
10;complaints not received;39;2;6995;93;202;31;3;pay as you go;active;30;1091.5200;982.3680;159.1520;non-churn;2766
7;complaints not received;39;0;1370;21;16;16;2;pay as you go;non-active;25;134.5950;121.1355;63.4595;non-churn;2767
9;complaints not received;40;0;1205;21;29;13;3;pay as you go;non-active;30;165.0400;148.5360;66.5040;non-churn;2768
7;complaints not received;39;0;495;7;16;5;2;pay as you go;non-active;25;94.5900;85.1310;60.0000;churn;2769
10;complaints not received;39;1;8003;134;400;48;3;pay as you go;active;30;1925.4800;1732.9320;242.5480;non-churn;2770
14;complaints not received;39;2;11960;161;27;52;4;pay as you go;active;45;370.5250;333.4725;87.0525;non-churn;2771
15;complaints not received;39;2;7213;82;124;42;2;pay as you go;active;25;886.2750;797.6475;138.6275;non-churn;2772
30;complaints received;35;0;1450;54;32;22;3;pay as you go;non-active;30;188.1600;169.3440;68.8160;churn;2773
28;complaints not received;38;9;10930;100;17;47;5;pay as you go;active;55;190.9500;171.8550;69.0950;non-churn;2774
20;complaints not received;38;2;6313;105;42;29;2;pay as you go;active;25;477.8100;430.0290;97.7810;non-churn;2775
8;complaints not received;36;1;3335;29;16;19;3;pay as you go;active;30;198.5600;178.7040;69.8560;non-churn;2776
16;complaints received;37;0;3485;48;25;21;3;pay as you go;non-active;30;241.3200;217.1880;74.1320;churn;2777
16;complaints received;38;0;2763;51;50;36;4;pay as you go;non-active;45;195.3500;175.8150;69.5350;churn;2778
7;complaints not received;38;0;628;9;16;7;3;pay as you go;non-active;30;89.4800;80.5320;60.0000;churn;2779
8;complaints not received;38;1;2163;32;16;11;4;pay as you go;active;45;94.8750;85.3875;60.0000;non-churn;2780
10;complaints not received;35;2;7280;104;30;27;5;pay as you go;active;55;155.7600;140.1840;65.5760;non-churn;2781
7;complaints not received;38;0;1123;14;25;9;4;pay as you go;non-active;45;90.9250;81.8325;60.0000;churn;2782
7;complaints not received;38;2;833;11;20;7;5;pay as you go;active;55;42.6600;38.3940;60.0000;non-churn;2783
32;complaints not received;33;4;16570;245;16;85;2;contractual;active;25;828.6750;745.8075;132.8675;non-churn;2784
13;complaints not received;36;4;7460;123;287;38;3;contractual;active;30;1451.3200;1306.1880;195.1320;non-churn;2785
9;complaints not received;38;1;4213;89;18;33;3;pay as you go;active;30;244.0800;219.6720;74.4080;non-churn;2786
10;complaints not received;37;0;2160;51;54;25;3;pay as you go;non-active;30;304.4400;273.9960;80.4440;non-churn;2787
13;complaints not received;38;1;3275;60;191;28;2;pay as you go;active;25;1009.5750;908.6175;150.9575;non-churn;2788
11;complaints not received;29;2;1810;43;209;16;3;contractual;active;30;910.1200;819.1080;141.0120;non-churn;2789
11;complaints not received;28;1;2063;46;46;73;5;pay as you go;active;55;100.6350;90.5715;60.0635;non-churn;2790
18;complaints not received;29;0;1195;32;26;12;3;pay as you go;non-active;30;153.0800;137.7720;65.3080;non-churn;2791
7;complaints not received;28;0;1320;17;37;8;4;pay as you go;non-active;45;125.9250;113.3325;62.5925;non-churn;2792
17;complaints not received;27;1;1720;39;35;18;2;pay as you go;active;25;236.6550;212.9895;73.6655;non-churn;2793
9;complaints not received;27;1;3720;68;24;28;3;pay as you go;active;30;247.5200;222.7680;74.7520;non-churn;2794
9;complaints not received;20;1;2190;33;44;19;3;pay as you go;active;30;264.9200;238.4280;76.4920;non-churn;2795
23;complaints not received;19;2;6887;148;101;47;2;contractual;active;25;771.0750;693.9675;127.1075;non-churn;2796
19;complaints not received;17;1;9427;178;89;45;5;pay as you go;active;55;277.5750;249.8175;77.7575;non-churn;2797
15;complaints not received;18;4;3347;52;47;24;3;pay as you go;active;30;323.9600;291.5640;82.3960;non-churn;2798
9;complaints not received;11;2;4885;47;231;15;3;pay as you go;active;30;1121.2800;1009.1520;162.1280;non-churn;2799
10;complaints received;11;2;1982;26;16;12;3;pay as you go;active;30;144.3200;129.8880;64.4320;churn;2800
11;complaints not received;40;1;4485;76;3;16;3;pay as you go;active;30;194.4400;174.9960;69.4440;non-churn;2801
3;complaints not received;41;0;433;10;5;3;3;pay as you go;non-active;30;37.7200;33.9480;60.0000;non-churn;2802
13;complaints not received;39;1;2568;65;357;23;3;pay as you go;active;30;1533.3200;1379.9880;203.3320;non-churn;2803
13;complaints not received;40;1;4313;71;0;34;1;pay as you go;active;15;241.1200;217.0080;74.1120;non-churn;2804
6;complaints not received;40;1;2508;63;0;32;2;pay as you go;active;25;115.6950;104.1255;61.5695;non-churn;2805
14;complaints not received;40;2;3890;87;30;27;3;pay as you go;active;30;279.0800;251.1720;77.9080;non-churn;2806
7;complaints not received;40;1;2475;44;283;17;3;pay as you go;active;30;1232.7600;1109.4840;173.2760;non-churn;2807
16;complaints not received;39;3;9230;126;142;42;3;pay as you go;active;30;942.2400;848.0160;144.2240;non-churn;2808
10;complaints not received;40;1;13888;174;0;43;3;pay as you go;active;30;562.4800;506.2320;106.2480;non-churn;2809
10;complaints not received;40;2;4630;88;0;24;3;pay as you go;active;30;188.7200;169.8480;68.8720;non-churn;2810
9;complaints not received;40;1;6033;100;5;11;3;pay as you go;active;30;265.3200;238.7880;76.5320;non-churn;2811
12;complaints received;40;0;2353;59;6;16;3;pay as you go;non-active;30;120.4800;108.4320;62.0480;non-churn;2812
28;complaints not received;40;4;15255;230;52;31;3;pay as you go;active;30;827.4000;744.6600;132.7400;non-churn;2813
7;complaints not received;40;2;3210;32;481;7;3;pay as you go;active;30;2053.6800;1848.3120;255.3680;non-churn;2814
12;complaints not received;39;1;15600;187;148;29;2;pay as you go;active;25;1376.4150;1238.7735;187.6415;non-churn;2815
6;complaints not received;39;2;6615;91;184;25;3;pay as you go;active;30;1004.2400;903.8160;150.4240;non-churn;2816
3;complaints not received;39;0;990;19;0;10;2;pay as you go;non-active;25;45.4050;40.8645;60.0000;non-churn;2817
5;complaints not received;40;0;825;19;11;7;3;pay as you go;non-active;30;77.7600;69.9840;60.0000;non-churn;2818
0;complaints not received;39;0;0;0;0;0;2;pay as you go;non-active;25;0.0000;0.0000;60.0000;churn;2819
6;complaints not received;39;1;7623;132;382;42;3;pay as you go;active;30;1838.2000;1654.3800;233.8200;non-churn;2820
10;complaints not received;39;2;11580;159;9;46;4;pay as you go;active;45;315.9750;284.3775;81.5975;non-churn;2821
11;complaints not received;39;2;6833;80;106;36;2;pay as you go;active;25;788.0850;709.2765;128.8085;non-churn;2822
26;complaints received;35;0;1070;52;14;16;3;pay as you go;non-active;30;100.8800;90.7920;60.0880;churn;2823
24;complaints not received;38;9;10550;98;0;41;5;pay as you go;active;55;159.7200;143.7480;65.9720;non-churn;2824
16;complaints not received;38;2;5933;103;24;23;2;pay as you go;active;25;379.6200;341.6580;87.9620;non-churn;2825
4;complaints not received;36;1;2955;27;0;13;3;pay as you go;active;30;119.2800;107.3520;61.9280;non-churn;2826
12;complaints not received;37;0;3105;46;7;15;3;pay as you go;non-active;30;154.0400;138.6360;65.4040;churn;2827
12;complaints not received;38;0;2383;49;32;30;4;pay as you go;non-active;45;140.8000;126.7200;64.0800;churn;2828
3;complaints not received;38;0;248;7;0;1;3;pay as you go;non-active;30;10.2000;9.1800;60.0000;churn;2829
4;complaints not received;38;1;1783;30;0;5;4;pay as you go;active;45;45.3250;40.7925;60.0000;non-churn;2830
6;complaints not received;35;2;6900;102;12;21;5;pay as you go;active;55;123.0300;110.7270;62.3030;non-churn;2831
3;complaints not received;38;0;743;12;7;3;4;pay as you go;non-active;45;36.3750;32.7375;60.0000;churn;2832
3;complaints not received;38;2;453;9;2;1;5;pay as you go;active;55;9.9300;8.9370;60.0000;non-churn;2833
28;complaints not received;33;4;16190;243;0;79;2;contractual;active;25;739.4850;665.5365;123.9485;non-churn;2834
9;complaints not received;36;4;7080;121;269;32;3;contractual;active;30;1364.0400;1227.6360;186.4040;non-churn;2835
5;complaints not received;38;1;3833;87;0;27;3;pay as you go;active;30;156.8000;141.1200;65.6800;non-churn;2836
6;complaints not received;37;0;1780;49;36;19;3;pay as you go;non-active;30;217.1600;195.4440;71.7160;non-churn;2837
9;complaints not received;38;1;2895;58;173;22;2;pay as you go;active;25;911.3850;820.2465;141.1385;non-churn;2838
7;complaints not received;29;2;1430;41;191;10;3;contractual;active;30;822.8400;740.5560;132.2840;non-churn;2839
7;complaints not received;28;1;1683;44;28;67;5;pay as you go;active;55;67.9050;61.1145;60.0000;non-churn;2840
14;complaints not received;29;0;815;30;8;6;3;pay as you go;non-active;30;65.8000;59.2200;60.0000;non-churn;2841
3;complaints not received;28;0;940;15;19;2;4;pay as you go;non-active;45;71.3750;64.2375;60.0000;non-churn;2842
13;complaints not received;27;1;1340;37;17;12;2;pay as you go;active;25;138.4650;124.6185;63.8465;non-churn;2843
5;complaints not received;27;1;3340;66;6;22;3;pay as you go;active;30;160.2400;144.2160;66.0240;non-churn;2844
5;complaints not received;20;1;1810;31;26;13;3;pay as you go;active;30;177.6400;159.8760;67.7640;non-churn;2845
19;complaints not received;19;2;6507;146;83;41;2;contractual;active;25;672.8850;605.5965;117.2885;non-churn;2846
15;complaints not received;17;1;9047;176;71;39;5;pay as you go;active;55;244.8450;220.3605;74.4845;non-churn;2847
11;complaints not received;18;4;2967;50;29;18;3;pay as you go;active;30;236.6800;213.0120;73.6680;non-churn;2848
5;complaints not received;11;2;4505;45;213;9;3;pay as you go;active;30;1034.0000;930.6000;153.4000;non-churn;2849
6;complaints received;11;2;1602;24;0;6;3;pay as you go;active;30;65.0400;58.5360;60.0000;churn;2850
11;complaints not received;35;0;4675;71;4;18;2;pay as you go;active;25;231.5700;208.4130;73.1570;non-churn;2851
3;complaints not received;36;0;623;5;6;5;2;pay as you go;non-active;25;55.2600;49.7340;60.0000;non-churn;2852
13;complaints not received;34;0;2758;60;358;25;2;pay as you go;active;25;1737.8100;1564.0290;223.7810;non-churn;2853
13;complaints not received;35;0;4503;66;0;36;1;pay as you go;active;15;251.2950;226.1655;75.1295;non-churn;2854
6;complaints not received;35;0;2698;58;1;34;1;pay as you go;active;15;157.0800;141.3720;65.7080;non-churn;2855
14;complaints not received;35;1;4080;82;31;29;3;pay as you go;active;30;290.4800;261.4320;79.0480;non-churn;2856
7;complaints not received;35;0;2665;39;284;19;3;pay as you go;active;30;1244.1600;1119.7440;174.4160;non-churn;2857
16;complaints not received;34;2;9420;121;143;44;3;pay as you go;active;30;953.6400;858.2760;145.3640;non-churn;2858
10;complaints not received;35;0;14078;169;0;45;3;pay as you go;active;30;569.8800;512.8920;106.9880;non-churn;2859
10;complaints not received;35;1;4820;83;1;26;3;pay as you go;active;30;200.1200;180.1080;70.0120;non-churn;2860
9;complaints not received;35;0;6223;95;6;13;2;pay as you go;active;25;311.3100;280.1790;81.1310;non-churn;2861
12;complaints not received;35;0;2543;54;7;18;3;pay as you go;non-active;30;131.8800;118.6920;63.1880;non-churn;2862
28;complaints not received;35;3;15445;225;53;33;3;pay as you go;active;30;838.8000;754.9200;133.8800;non-churn;2863
7;complaints not received;35;1;3400;27;482;9;3;pay as you go;active;30;2065.0800;1858.5720;256.5080;non-churn;2864
12;complaints not received;34;0;15790;182;149;31;2;pay as you go;active;25;1389.2400;1250.3160;188.9240;non-churn;2865
6;complaints not received;34;1;6805;86;185;27;3;pay as you go;active;30;1015.6400;914.0760;151.5640;non-churn;2866
3;complaints not received;34;0;1180;14;0;12;2;pay as you go;non-active;25;53.7300;48.3570;60.0000;non-churn;2867
5;complaints not received;35;0;1015;14;12;9;2;pay as you go;non-active;25;100.3050;90.2745;60.0305;non-churn;2868
6;complaints not received;34;0;7813;127;383;44;2;pay as you go;active;25;2080.8000;1872.7200;258.0800;non-churn;2870
10;complaints not received;34;1;11770;154;10;48;3;pay as you go;active;30;516.9600;465.2640;101.6960;non-churn;2871
11;complaints not received;34;1;7023;75;107;38;2;pay as you go;active;25;800.9100;720.8190;130.0910;non-churn;2872
26;complaints received;30;0;1260;47;15;18;2;pay as you go;non-active;25;126.3150;113.6835;62.6315;churn;2873
24;complaints not received;33;8;10740;93;0;43;4;pay as you go;active;45;270.8250;243.7425;77.0825;non-churn;2874
16;complaints not received;33;1;6123;98;25;25;2;pay as you go;active;25;392.4450;353.2005;89.2445;churn;2875
4;complaints not received;31;0;3145;22;0;15;3;pay as you go;active;30;126.6800;114.0120;62.6680;non-churn;2876
12;complaints received;32;0;3295;41;8;17;3;pay as you go;non-active;30;165.4400;148.8960;66.5440;churn;2877
12;complaints not received;33;0;2573;44;33;32;3;pay as you go;non-active;30;236.6800;213.0120;73.6680;churn;2878
3;complaints not received;33;0;438;2;0;3;3;pay as you go;non-active;30;17.6000;15.8400;60.0000;churn;2879
4;complaints not received;33;0;1973;25;0;7;3;pay as you go;active;30;79.9200;71.9280;60.0000;non-churn;2880
6;complaints not received;30;1;7090;97;13;23;4;pay as you go;active;45;212.1750;190.9575;71.2175;non-churn;2881
3;complaints not received;33;0;933;7;8;5;4;pay as you go;non-active;45;43.5000;39.1500;60.0000;churn;2882
3;complaints not received;33;1;643;4;3;3;5;pay as you go;active;55;14.2050;12.7845;60.0000;non-churn;2883
28;complaints not received;28;3;16380;238;0;81;2;pay as you go;active;25;747.8100;673.0290;124.7810;non-churn;2884
9;complaints not received;31;3;7270;116;270;34;2;contractual;active;25;1547.3700;1392.6330;204.7370;non-churn;2885
5;complaints not received;33;0;4023;82;1;29;2;pay as you go;active;25;189.2250;170.3025;68.9225;non-churn;2886
6;complaints not received;32;0;1970;44;37;21;3;pay as you go;non-active;30;228.5600;205.7040;72.8560;non-churn;2887
9;complaints not received;33;0;3085;53;174;24;2;pay as you go;active;25;924.2100;831.7890;142.4210;non-churn;2888
7;complaints not received;24;1;1620;36;192;12;2;contractual;active;25;938.5200;844.6680;143.8520;non-churn;2889
7;complaints not received;23;0;1873;39;29;69;4;pay as you go;active;45;120.3000;108.2700;62.0300;non-churn;2890
14;complaints not received;24;0;1005;25;9;8;2;pay as you go;non-active;25;86.8500;78.1650;60.0000;non-churn;2891
3;complaints not received;23;0;1130;10;20;4;4;pay as you go;non-active;45;78.5000;70.6500;60.0000;non-churn;2892
13;complaints not received;22;0;1530;32;18;14;2;pay as you go;active;25;151.2900;136.1610;65.1290;non-churn;2893
5;complaints not received;22;0;3530;61;7;24;3;pay as you go;active;30;171.6400;154.4760;67.1640;non-churn;2894
5;complaints not received;15;0;2000;26;27;15;2;pay as you go;active;25;212.6700;191.4030;71.2670;non-churn;2895
19;complaints not received;14;1;6697;141;84;43;1;contractual;active;15;838.0900;754.2810;133.8090;non-churn;2896
15;complaints not received;12;0;9237;171;72;41;4;pay as you go;active;45;415.2000;373.6800;91.5200;non-churn;2897
11;complaints not received;13;3;3157;45;30;20;3;pay as you go;active;30;248.0800;223.2720;74.8080;non-churn;2898
5;complaints not received;6;1;4695;40;214;11;3;pay as you go;active;30;1045.4000;940.8600;154.5400;non-churn;2899
6;complaints not received;6;1;1792;19;0;8;3;pay as you go;active;30;72.4400;65.1960;60.0000;churn;2900
15;complaints not received;45;2;4675;83;20;20;3;pay as you go;active;30;270.3200;243.2880;77.0320;non-churn;2901
7;complaints not received;46;0;623;17;22;7;3;pay as you go;non-active;30;113.6000;102.2400;61.3600;non-churn;2902
17;complaints not received;44;2;2758;72;374;27;3;pay as you go;active;30;1609.2000;1448.2800;210.9200;non-churn;2903
17;complaints not received;45;2;4503;78;16;38;1;pay as you go;active;15;339.9550;305.9595;83.9955;non-churn;2904
10;complaints not received;45;2;2698;70;17;36;2;pay as you go;active;25;201.0600;180.9540;70.1060;non-churn;2905
18;complaints not received;45;3;4080;94;47;31;3;pay as you go;active;30;354.9600;319.4640;85.4960;non-churn;2906
11;complaints not received;45;2;2665;51;300;21;4;pay as you go;active;45;817.9000;736.1100;131.7900;non-churn;2907
20;complaints not received;44;4;9420;133;159;46;3;pay as you go;active;30;1018.1200;916.3080;151.8120;non-churn;2908
14;complaints not received;45;2;14078;181;15;47;3;pay as you go;active;30;630.3600;567.3240;113.0360;non-churn;2909
14;complaints not received;45;3;4820;95;17;28;4;pay as you go;active;45;165.3750;148.8375;66.5375;non-churn;2910
13;complaints not received;45;2;6223;107;22;15;3;pay as you go;active;30;341.2000;307.0800;84.1200;non-churn;2911
16;complaints not received;45;0;2543;66;23;20;4;pay as you go;non-active;45;122.7250;110.4525;62.2725;non-churn;2912
32;complaints not received;45;5;15445;237;69;35;3;contractual;active;30;903.2800;812.9520;140.3280;non-churn;2913
11;complaints not received;45;3;3400;39;498;11;4;pay as you go;active;45;1330.9750;1197.8775;183.0975;non-churn;2914
16;complaints not received;44;2;15790;194;165;33;3;pay as you go;active;30;1299.3600;1169.4240;179.9360;non-churn;2915
10;complaints not received;44;3;6805;98;201;29;4;pay as you go;active;45;675.0750;607.5675;117.5075;non-churn;2916
7;complaints not received;44;0;1180;26;15;14;3;pay as you go;non-active;30;108.2400;97.4160;60.8240;non-churn;2917
9;complaints not received;45;0;1015;26;28;11;3;pay as you go;non-active;30;153.6400;138.2760;65.3640;non-churn;2918
7;complaints not received;44;0;305;12;15;3;3;pay as you go;non-active;30;72.6800;65.4120;60.0000;churn;2919
10;complaints not received;44;2;7813;139;399;46;3;pay as you go;active;30;1914.0800;1722.6720;241.4080;non-churn;2920
14;complaints not received;44;3;11770;166;26;50;4;pay as you go;active;45;363.4000;327.0600;86.3400;non-churn;2921
15;complaints not received;44;3;7023;87;123;40;3;pay as you go;active;30;776.4000;698.7600;127.6400;non-churn;2922
30;complaints received;40;0;1260;59;31;20;3;pay as you go;non-active;30;176.7600;159.0840;67.6760;churn;2923
28;complaints not received;43;10;10740;105;16;45;5;contractual;active;55;186.6750;168.0075;68.6675;non-churn;2924
20;complaints not received;43;3;6123;110;41;27;3;pay as you go;active;30;413.3200;371.9880;91.3320;non-churn;2925
8;complaints not received;41;2;3145;34;15;17;4;pay as you go;active;45;116.9750;105.2775;61.6975;non-churn;2926
16;complaints received;42;0;3295;53;24;19;3;pay as you go;non-active;30;229.9200;206.9280;72.9920;churn;2927
16;complaints received;43;0;2573;56;49;34;4;pay as you go;non-active;45;188.2250;169.4025;68.8225;churn;2928
7;complaints not received;43;0;438;14;15;5;3;pay as you go;non-active;30;78.0800;70.2720;60.0000;churn;2929
8;complaints not received;43;2;1973;37;15;9;4;pay as you go;active;45;87.7500;78.9750;60.0000;non-churn;2930
10;complaints not received;40;3;7090;109;29;25;5;pay as you go;active;55;151.4850;136.3365;65.1485;non-churn;2931
7;complaints not received;43;0;933;19;24;7;4;pay as you go;non-active;45;83.8000;75.4200;60.0000;churn;2932
7;complaints not received;43;3;643;16;19;5;5;pay as you go;active;55;38.3850;34.5465;60.0000;non-churn;2933
32;complaints not received;38;5;16380;250;15;83;2;contractual;active;25;815.8500;734.2650;131.5850;non-churn;2934
13;complaints not received;41;5;7270;128;286;36;3;contractual;active;30;1439.9200;1295.9280;193.9920;non-churn;2935
9;complaints not received;43;2;4023;94;17;31;3;pay as you go;active;30;232.6800;209.4120;73.2680;non-churn;2936
10;complaints not received;42;0;1970;56;53;23;4;pay as you go;non-active;45;183.1500;164.8350;68.3150;non-churn;2937
13;complaints not received;43;2;3085;65;190;26;3;pay as you go;active;30;886.0000;797.4000;138.6000;non-churn;2938
11;complaints not received;34;3;1620;48;208;14;3;contractual;active;30;898.7200;808.8480;139.8720;non-churn;2939
11;complaints not received;33;2;1873;51;45;71;5;pay as you go;active;55;96.3600;86.7240;60.0000;non-churn;2940
18;complaints not received;34;0;1005;37;25;10;3;pay as you go;non-active;30;141.6800;127.5120;64.1680;non-churn;2941
7;complaints not received;33;0;1130;22;36;6;4;pay as you go;non-active;45;118.8000;106.9200;61.8800;non-churn;2942
17;complaints not received;32;2;1530;44;34;16;2;pay as you go;active;25;223.8300;201.4470;72.3830;non-churn;2943
9;complaints not received;32;2;3530;73;23;26;4;pay as you go;active;45;147.5750;132.8175;64.7575;non-churn;2944
9;complaints not received;25;2;2000;38;43;17;3;pay as you go;active;30;253.5200;228.1680;75.3520;non-churn;2945
23;complaints not received;24;3;6697;153;100;45;2;contractual;active;25;758.2500;682.4250;125.8250;non-churn;2946
19;complaints not received;22;2;9237;183;88;43;5;pay as you go;active;55;273.3000;245.9700;77.3300;non-churn;2947
15;complaints not received;23;5;3157;57;46;22;4;pay as you go;active;45;195.3500;175.8150;69.5350;non-churn;2948
9;complaints not received;16;3;4695;52;230;13;3;pay as you go;active;30;1109.8800;998.8920;160.9880;non-churn;2949
10;complaints not received;16;3;1792;31;15;10;3;pay as you go;active;30;132.9200;119.6280;63.2920;churn;2950
19;complaints not received;41;2;5385;88;37;19;3;pay as you go;active;30;366.9200;330.2280;86.6920;non-churn;2951
11;complaints not received;42;0;1333;22;22;6;3;pay as you go;non-active;30;142.2000;127.9800;64.2200;non-churn;2952
21;complaints not received;40;2;3468;77;374;26;3;pay as you go;active;30;1637.8000;1474.0200;213.7800;non-churn;2953
21;complaints not received;41;2;5213;83;16;37;1;pay as you go;active;15;379.2800;341.3520;87.9280;non-churn;2954
14;complaints not received;41;2;3408;75;17;35;2;pay as you go;active;25;233.2350;209.9115;73.3235;non-churn;2955
22;complaints not received;41;3;4790;99;47;30;3;pay as you go;active;30;383.5600;345.2040;88.3560;non-churn;2956
15;complaints not received;41;2;3375;56;300;20;4;pay as you go;active;45;835.7750;752.1975;133.5775;non-churn;2957
24;complaints not received;40;4;10130;138;159;45;3;pay as you go;active;30;1046.7200;942.0480;154.6720;non-churn;2958
18;complaints not received;41;2;14788;186;15;46;3;pay as you go;active;30;658.9600;593.0640;115.8960;non-churn;2959
18;complaints not received;41;3;5530;100;17;27;4;pay as you go;active;45;183.2500;164.9250;68.3250;non-churn;2960
17;complaints not received;41;2;6933;112;22;14;3;pay as you go;active;30;369.8000;332.8200;86.9800;non-churn;2961
20;complaints not received;41;0;3253;71;23;19;4;pay as you go;non-active;45;140.6000;126.5400;64.0600;non-churn;2962
36;complaints not received;41;5;16155;242;69;34;3;contractual;active;30;931.8800;838.6920;143.1880;non-churn;2963
15;complaints not received;41;3;4110;44;498;10;4;pay as you go;active;45;1348.8500;1213.9650;184.8850;non-churn;2964
20;complaints not received;40;2;16500;199;165;32;2;pay as you go;active;25;1493.9550;1344.5595;199.3955;non-churn;2965
14;complaints not received;40;3;7515;103;201;28;3;pay as you go;active;30;1108.7200;997.8480;160.8720;non-churn;2966
11;complaints not received;40;0;1890;31;15;13;2;pay as you go;non-active;25;153.9450;138.5505;65.3945;non-churn;2967
13;complaints not received;41;0;1725;31;28;10;3;pay as you go;non-active;30;182.2400;164.0160;68.2240;non-churn;2968
11;complaints not received;40;0;1015;17;15;2;3;pay as you go;non-active;30;101.2800;91.1520;60.1280;churn;2969
14;complaints not received;40;2;8523;144;399;45;3;pay as you go;active;30;1942.6800;1748.4120;244.2680;non-churn;2970
18;complaints not received;40;3;12480;171;26;49;4;pay as you go;active;45;381.2750;343.1475;88.1275;non-churn;2971
19;complaints not received;40;3;7733;92;123;39;2;pay as you go;active;25;905.6250;815.0625;140.5625;non-churn;2972
34;complaints received;36;0;1970;64;31;19;3;contractual;non-active;30;205.3600;184.8240;70.5360;churn;2973
32;complaints not received;39;10;11450;110;16;44;5;pay as you go;active;55;197.4000;177.6600;69.7400;non-churn;2974
24;complaints not received;39;3;6833;115;41;26;3;pay as you go;active;30;441.9200;397.7280;94.1920;non-churn;2975
12;complaints not received;37;2;3855;39;15;16;3;pay as you go;active;30;215.7600;194.1840;71.5760;non-churn;2976
20;complaints received;38;0;4005;58;24;18;3;pay as you go;non-active;30;258.5200;232.6680;75.8520;churn;2977
20;complaints received;39;0;3283;61;49;33;4;pay as you go;non-active;45;206.1000;185.4900;70.6100;churn;2978
11;complaints not received;39;0;1148;19;15;4;3;pay as you go;non-active;30;106.6800;96.0120;60.6680;churn;2979
12;complaints not received;39;2;2683;42;15;8;4;pay as you go;active;45;105.6250;95.0625;60.5625;non-churn;2980
14;complaints not received;36;3;7800;114;29;24;5;pay as you go;active;55;162.2100;145.9890;66.2210;non-churn;2981
11;complaints not received;39;0;1643;24;24;6;4;pay as you go;non-active;45;101.6750;91.5075;60.1675;churn;2982
11;complaints not received;39;3;1353;21;19;4;5;pay as you go;active;55;49.1100;44.1990;60.0000;non-churn;2983
36;complaints not received;34;5;17090;255;15;82;2;contractual;active;25;848.0250;763.2225;134.8025;non-churn;2984
17;complaints not received;37;5;7980;133;286;35;3;contractual;active;30;1468.5200;1321.6680;196.8520;non-churn;2985
13;complaints not received;39;2;4733;99;17;30;3;pay as you go;active;30;261.2800;235.1520;76.1280;non-churn;2986
14;complaints not received;38;0;2680;61;53;22;4;pay as you go;non-active;45;201.0250;180.9225;70.1025;non-churn;2987
17;complaints not received;39;2;3795;70;190;25;2;pay as you go;active;25;1028.9250;926.0325;152.8925;non-churn;2988
15;complaints not received;30;3;2330;53;208;13;3;contractual;active;30;927.3200;834.5880;142.7320;non-churn;2989
15;complaints not received;29;2;2583;56;45;70;5;pay as you go;active;55;107.0850;96.3765;60.7085;non-churn;2990
22;complaints received;30;0;1715;42;25;9;3;pay as you go;non-active;30;170.2800;153.2520;67.0280;churn;2991
11;complaints not received;29;0;1840;27;36;5;4;pay as you go;non-active;45;136.6750;123.0075;63.6675;non-churn;2992
21;complaints not received;28;2;2240;49;34;15;2;pay as you go;active;25;256.0050;230.4045;75.6005;non-churn;2993
13;complaints not received;28;2;4240;78;23;25;3;pay as you go;active;30;264.7200;238.2480;76.4720;non-churn;2994
13;complaints not received;21;2;2710;43;43;16;3;pay as you go;active;30;282.1200;253.9080;78.2120;non-churn;2995
27;complaints not received;20;3;7407;158;100;44;2;contractual;active;25;790.4250;711.3825;129.0425;non-churn;2996
23;complaints not received;18;2;9947;188;88;42;5;pay as you go;active;55;284.0250;255.6225;78.4025;non-churn;2997
19;complaints not received;19;5;3867;62;46;21;3;pay as you go;active;30;341.1600;307.0440;84.1160;non-churn;2998
13;complaints not received;12;3;5405;57;230;12;3;pay as you go;active;30;1138.4800;1024.6320;163.8480;non-churn;2999
14;complaints received;12;3;2502;36;15;9;3;pay as you go;active;30;161.5200;145.3680;66.1520;churn;3000
7;complaints not received;39;0;3965;66;0;19;3;pay as you go;active;30;161.2400;145.1160;66.1240;non-churn;3001
0;complaints not received;40;0;0;0;0;0;3;pay as you go;non-active;30;0.0000;0.0000;60.0000;non-churn;3002
9;complaints not received;38;0;2048;55;341;26;3;pay as you go;active;30;1448.1200;1303.3080;194.8120;non-churn;3003
9;complaints not received;39;0;3793;61;0;37;1;pay as you go;active;15;211.9700;190.7730;71.1970;non-churn;3004
2;complaints not received;39;0;1988;53;0;35;2;pay as you go;active;25;91.8450;82.6605;60.0000;non-churn;3005
10;complaints not received;39;1;3370;77;14;30;3;pay as you go;active;30;193.8800;174.4920;69.3880;non-churn;3006
3;complaints not received;39;0;1955;34;267;20;3;pay as you go;active;30;1147.5600;1032.8040;164.7560;non-churn;3007
12;complaints not received;38;2;8710;116;126;45;3;pay as you go;active;30;857.0400;771.3360;135.7040;non-churn;3008
6;complaints not received;39;0;13368;164;0;46;3;pay as you go;active;30;541.2800;487.1520;104.1280;non-churn;3009
6;complaints not received;39;1;4110;78;0;27;3;pay as you go;active;30;167.5200;150.7680;66.7520;non-churn;3010
5;complaints not received;39;0;5513;90;0;14;3;pay as you go;active;30;224.1200;201.7080;72.4120;non-churn;3011
8;complaints not received;39;0;1833;49;0;19;3;pay as you go;non-active;30;75.2800;67.7520;60.0000;non-churn;3012
24;complaints not received;39;3;14735;220;36;34;3;pay as you go;active;30;742.2000;667.9800;124.2200;non-churn;3013
3;complaints not received;39;1;2690;22;465;10;3;pay as you go;active;30;1968.4800;1771.6320;246.8480;non-churn;3014
8;complaints not received;38;0;15080;177;132;32;2;pay as you go;active;25;1280.5650;1152.5085;178.0565;non-churn;3015
2;complaints not received;38;1;6095;81;168;28;3;pay as you go;active;30;919.0400;827.1360;141.9040;non-churn;3016
0;complaints not received;38;0;470;9;0;13;2;pay as you go;non-active;25;21.5550;19.3995;60.0000;non-churn;3017
1;complaints not received;39;0;305;9;0;10;3;pay as you go;non-active;30;12.5600;11.3040;60.0000;non-churn;3018
0;complaints not received;38;0;0;0;0;0;2;pay as you go;non-active;25;0.0000;0.0000;60.0000;churn;3019
2;complaints not received;38;0;7103;122;366;45;3;pay as you go;active;30;1753.0000;1577.7000;225.3000;non-churn;3020
6;complaints not received;38;1;11060;149;0;49;4;pay as you go;active;45;280.2250;252.2025;78.0225;non-churn;3021
7;complaints not received;38;1;6313;70;90;39;2;pay as you go;active;25;692.2350;623.0115;119.2235;non-churn;3022
22;complaints not received;34;0;550;42;0;19;3;pay as you go;non-active;30;23.6800;21.3120;60.0000;churn;3023
20;complaints not received;37;8;10030;88;0;44;5;pay as you go;active;55;151.7700;136.5930;65.1770;non-churn;3024
12;complaints not received;37;1;5413;93;8;26;2;pay as you go;active;25;283.7700;255.3930;78.3770;churn;3025
0;complaints not received;35;0;2435;17;0;16;3;pay as you go;active;30;98.0800;88.2720;60.0000;non-churn;3026
8;complaints received;36;0;2585;36;0;18;3;pay as you go;non-active;30;104.8400;94.3560;60.4840;churn;3027
8;complaints not received;37;0;1863;39;16;33;3;pay as you go;non-active;30;140.0800;126.0720;64.0080;churn;3028
0;complaints not received;37;0;0;0;0;0;3;pay as you go;non-active;30;0.0000;0.0000;60.0000;churn;3029
0;complaints not received;37;0;1263;20;0;8;4;pay as you go;active;45;32.0750;28.8675;60.0000;non-churn;3030
2;complaints not received;34;1;6380;92;0;24;5;pay as you go;active;55;97.0800;87.3720;60.0000;non-churn;3031
0;complaints not received;37;0;223;2;0;6;4;pay as you go;non-active;45;5.6250;5.0625;60.0000;churn;3032
0;complaints not received;37;1;0;0;0;0;5;pay as you go;active;55;0.0000;0.0000;60.0000;non-churn;3033
24;complaints received;32;3;15670;233;0;82;2;pay as you go;active;25;715.6350;644.0715;121.5635;non-churn;3034
5;complaints not received;35;3;6560;111;253;35;2;contractual;active;25;1438.6950;1294.8255;193.8695;non-churn;3035
1;complaints not received;37;0;3313;77;0;30;3;pay as you go;active;30;135.6000;122.0400;63.5600;non-churn;3036
2;complaints not received;36;0;1260;39;20;22;3;pay as you go;non-active;30;131.9600;118.7640;63.1960;non-churn;3037
5;complaints not received;37;0;2375;48;157;25;2;pay as you go;active;25;815.5350;733.9815;131.5535;non-churn;3038
3;complaints not received;28;1;910;31;175;13;2;contractual;active;25;829.8450;746.8605;132.9845;non-churn;3039
3;complaints not received;27;0;1163;34;12;70;4;pay as you go;active;45;59.9250;53.9325;60.0000;non-churn;3040
10;complaints not received;28;0;295;20;0;9;3;pay as you go;non-active;30;12.6000;11.3400;60.0000;non-churn;3041
0;complaints not received;27;0;420;5;3;5;4;pay as you go;non-active;45;18.1250;16.3125;60.0000;non-churn;3042
9;complaints not received;26;0;820;27;1;15;2;pay as you go;active;25;42.6150;38.3535;60.0000;non-churn;3043
1;complaints not received;26;0;2820;56;0;25;3;pay as you go;active;30;115.0400;103.5360;61.5040;non-churn;3044
1;complaints not received;19;0;1290;21;10;16;2;pay as you go;active;25;103.9950;93.5955;60.3995;non-churn;3045
15;complaints not received;18;1;5987;136;67;44;2;contractual;active;25;577.0350;519.3315;107.7035;non-churn;3046
11;complaints not received;16;0;8527;166;55;42;5;pay as you go;active;55;212.8950;191.6055;71.2895;non-churn;3047
7;complaints not received;17;3;2447;40;13;21;3;pay as you go;active;30;151.4800;136.3320;65.1480;non-churn;3048
1;complaints not received;10;1;3985;35;197;12;3;pay as you go;active;30;948.8000;853.9200;144.8800;non-churn;3049
2;complaints received;10;1;1082;14;0;9;3;pay as you go;active;30;43.8400;39.4560;60.0000;churn;3050
13;complaints not received;40;1;4675;77;12;19;3;pay as you go;active;30;238.0800;214.2720;73.8080;non-churn;3051
5;complaints not received;41;0;623;11;14;6;3;pay as you go;non-active;30;81.3600;73.2240;60.0000;non-churn;3052
15;complaints not received;40;1;4503;72;8;37;1;pay as you go;active;15;295.6250;266.0625;79.5625;non-churn;3054
8;complaints not received;40;1;2698;64;9;35;2;pay as you go;active;25;164.7900;148.3110;66.4790;non-churn;3055
11;complaints not received;40;1;6223;101;14;14;3;pay as you go;active;30;308.9600;278.0640;80.8960;non-churn;3061
30;complaints not received;40;4;15445;231;61;34;3;pay as you go;active;30;871.0400;783.9360;137.1040;non-churn;3063
14;complaints not received;39;1;15790;188;157;32;2;pay as you go;active;25;1425.5100;1282.9590;192.5510;non-churn;3065
5;complaints not received;39;0;1180;20;7;13;2;pay as you go;non-active;25;85.5000;76.9500;60.0000;non-churn;3067
28;complaints received;35;0;1260;53;23;19;3;pay as you go;non-active;30;144.5200;130.0680;64.4520;churn;3073
26;complaints not received;38;9;10740;99;8;44;5;pay as you go;active;55;174.5850;157.1265;67.4585;non-churn;3074
14;complaints not received;38;0;2573;50;41;33;4;pay as you go;non-active;45;168.0750;151.2675;66.8075;churn;3078
5;complaints not received;38;0;438;8;7;4;3;pay as you go;non-active;30;45.8400;41.2560;60.0000;churn;3079
11;complaints not received;36;4;7270;122;278;35;3;contractual;active;30;1407.6800;1266.9120;190.7680;non-churn;3085
9;complaints not received;28;1;1873;45;37;70;5;pay as you go;active;55;84.2700;75.8430;60.0000;non-churn;3090
16;complaints not received;29;0;1005;31;17;9;3;pay as you go;non-active;30;109.4400;98.4960;60.9440;non-churn;3091
5;complaints not received;28;0;1130;16;28;5;4;pay as you go;non-active;45;98.6500;88.7850;60.0000;non-churn;3092
7;complaints not received;20;1;2000;32;35;16;3;pay as you go;active;30;221.2800;199.1520;72.1280;non-churn;3095
21;complaints not received;19;2;6697;147;92;44;2;contractual;active;25;721.9800;649.7820;122.1980;non-churn;3096
17;complaints not received;17;1;9237;177;80;42;5;pay as you go;active;55;261.2100;235.0890;76.1210;non-churn;3097
13;complaints not received;18;4;3157;51;38;21;3;pay as you go;active;30;280.3200;252.2880;78.0320;non-churn;3098
8;complaints received;11;2;1792;25;7;9;3;pay as you go;active;30;100.6800;90.6120;60.0680;churn;3100
15;complaints not received;39;1;2758;66;366;26;3;pay as you go;active;30;1576.9600;1419.2640;207.6960;non-churn;3103
16;complaints not received;40;2;4080;88;39;30;3;pay as you go;active;30;322.7200;290.4480;82.2720;non-churn;3106
9;complaints not received;40;1;2665;45;292;20;3;pay as you go;active;30;1276.4000;1148.7600;177.6400;non-churn;3107
18;complaints not received;39;3;9420;127;151;45;3;pay as you go;active;30;985.8800;887.2920;148.5880;non-churn;3108
12;complaints not received;40;2;4820;89;9;27;3;pay as you go;active;30;232.3600;209.1240;73.2360;non-churn;3110
14;complaints not received;40;0;2543;60;15;19;3;pay as you go;non-active;30;164.1200;147.7080;66.4120;non-churn;3112
30;complaints not received;40;4;15445;231;61;34;3;contractual;active;30;871.0400;783.9360;137.1040;non-churn;3113
8;complaints not received;39;2;6805;92;193;28;3;pay as you go;active;30;1047.8800;943.0920;154.7880;non-churn;3116
12;complaints not received;39;2;11770;160;18;49;4;pay as you go;active;45;343.2500;308.9250;84.3250;non-churn;3121
26;complaints not received;38;9;10740;99;8;44;5;contractual;active;55;174.5850;157.1265;67.4585;non-churn;3124
18;complaints not received;38;2;6123;104;33;26;2;pay as you go;active;25;428.7150;385.8435;92.8715;non-churn;3125
14;complaints received;38;0;2573;50;41;33;4;pay as you go;non-active;45;168.0750;151.2675;66.8075;churn;3128
5;complaints received;38;0;933;13;16;6;4;pay as you go;non-active;45;63.6500;57.2850;60.0000;churn;3132
30;complaints not received;33;4;16380;244;7;82;2;contractual;active;25;779.5800;701.6220;127.9580;non-churn;3134
8;complaints not received;37;0;1970;50;45;22;3;pay as you go;non-active;30;260.8000;234.7200;76.0800;non-churn;3137
7;complaints not received;11;2;4695;46;222;12;3;pay as you go;active;30;1077.6400;969.8760;157.7640;non-churn;3149